,region,id,sector,weight,turnover,factor,,surveyQ,,Q1A,Q1P,Q2A,Q2P,Q3A,Q3P,Q4A,Q4P,Q5A,Q5P,Q6A,Q6P,Q7A,Q7P,Q8A,Q8P,Q9A,Q9P,Q10A,Q10P,Q11A,Q11P,Q12A,Q12P,Q13A,Q13P,Q14A,Q14P,Q15A,Q15P,Q16,Q17,Q18,Q19,Q20,Q21,Q22,Q23,Q24,Q25,Q26,Q27,Q28,Q29,Q30,Q31,Q32,Q33,Q34,Q35,Q36,Q37,Q38,Q39,Q40
108,1,33290,1110,4,4,0.665,0,2001Q2,0.665,1,0,0,0,1,0,1,0,0,0,1,0,1,0,1,0,1,0,0,0,0,0,0,0,0,0,-1,-1,-1,-1,0,0,-1,-1,1,-1,-1,-1,0,0,1,0,1,0,0,0,NA,NA,NA,NA,NA,NA,NA,NA,NA
1373,1,33210,1179,4,4,1.729,1.729,2001Q2,1.729,0,0,1,0,0,-1,0,0,0,0,-1,-1,0,0,0,0,-1,-1,0,0,0,0,0,0,1,1,0,0,0,0,0,1,0,1,1,0,-1,-1,0,0,0,1,0,1,0,0,NA,NA,NA,NA,NA,NA,NA,NA,NA
1376,1,33234,1110,3,3,0.35,0,2001Q2,0.35,1,1,0,0,1,1,1,1,0,0,0,0,1,0,0,0,-1,-1,0,0,1,1,0,-1,0,1,1,1,0,0,1,0,1,-1,1,1,0,-1,0,1,0,0,1,1,1,0,NA,NA,NA,NA,NA,NA,NA,NA,NA
1394,1,33237,1049,4,4,1.197,0,2001Q2,1.197,0,0,0,0,0,0,0,0,0,0,0,0,-1,0,-1,-1,0,0,0,0,-1,-1,-1,-1,0,0,0,0,0,0,0,0,-1,1,-1,-1,-1,-1,-1,-1,1,0,-1,0,0,0,NA,NA,NA,NA,NA,NA,NA,NA,NA
1399,1,33238,1160,3,4,0.69,0.69,2001Q2,0.69,0,-1,1,0,1,-1,-1,-1,0,0,0,0,-1,-1,-1,-1,0,0,-1,-1,1,1,0,1,1,0,1,1,1,0,-1,-1,-1,1,-1,1,-1,-1,-1,1,1,1,-1,1,-1,-1,NA,NA,NA,NA,NA,NA,NA,NA,NA
1403,1,33239,1010,2,2,0.52,0,2001Q2,0.52,0,0,0,0,-1,-1,0,0,0,0,1,1,1,1,-1,-1,-1,-1,0,0,1,1,1,1,1,1,1,1,1,1,-1,-1,1,1,-1,-1,-1,-1,1,0,-1,0,0,1,1,1,NA,NA,NA,NA,NA,NA,NA,NA,NA
1451,1,40541,1049,3,4,0.63,,2001Q2,,-1,-1,NA,NA,-1,-1,NA,NA,NA,NA,-1,-1,-1,-1,0,0,-1,-1,NA,NA,-1,-1,-1,-1,-1,-1,-1,-1,-1,-1,-1,-1,NA,NA,NA,-1,-1,-1,-1,NA,1,1,NA,NA,NA,NA,NA,NA,NA,NA,NA,NA,NA,NA,NA
1565,1,33256,1060,4,4,1.843,0,2001Q2,1.843,0,0,0,0,0,0,0,0,NA,NA,0,0,0,0,0,0,0,0,NA,NA,0,1,0,1,0,0,0,1,NA,NA,0,0,0,-1,-1,0,0,0,0,1,0,1,NA,NA,0,-1,NA,NA,NA,NA,NA,NA,NA,NA,NA
1591,1,33241,1109,3,2,0.33,0,2001Q2,0.33,-1,0,0,0,-1,0,-1,0,0,0,-1,-1,-1,-1,-1,-1,-1,-1,0,0,1,1,1,1,1,1,1,0,1,1,1,1,-1,1,-1,0,-1,-1,-1,0,1,0,1,1,0,-1,NA,NA,NA,NA,NA,NA,NA,NA,NA
1600,1,33242,1060,4,4,1.843,-1.843,2001Q2,1.843,-1,1,-1,-1,0,1,-1,1,-1,-1,-1,1,-1,1,-1,-1,-1,1,-1,-1,1,1,1,1,1,1,1,1,0,0,0,0,1,1,-1,1,0,-1,1,0,1,0,0,-1,-1,-1,NA,NA,NA,NA,NA,NA,NA,NA,NA
1618,1,33296,1060,3,4,0.97,,2001Q2,,0,1,NA,NA,0,1,0,1,NA,NA,0,0,1,1,0,1,0,0,1,1,0,1,0,1,1,1,1,1,NA,NA,0,0,-1,1,1,1,0,-1,0,-1,-1,0,1,0,1,1,NA,NA,NA,NA,NA,NA,NA,NA,NA
1621,1,33299,1019,4,4,2.47,,2001Q2,,1,0,NA,NA,0,0,0,0,NA,NA,0,0,0,0,0,0,0,0,0,0,1,1,0,0,1,1,0,0,NA,NA,0,0,0,1,-1,-1,-1,-1,-1,0,1,1,0,NA,0,0,NA,NA,NA,NA,NA,NA,NA,NA,NA
1665,1,33355,1080,7,4,2.418,2.418,2001Q2,2.418,1,1,1,1,1,1,1,1,1,1,1,1,1,1,1,1,1,1,0,0,1,1,1,1,0,0,1,1,1,1,0,0,0,-1,1,0,0,-1,0,1,0,1,1,1,1,1,NA,NA,NA,NA,NA,NA,NA,NA,NA
1668,1,33371,1159,4,3,1.064,,2001Q2,,0,-1,NA,NA,0,-1,0,-1,NA,NA,NA,NA,0,-1,-1,-1,0,0,NA,NA,1,1,1,1,1,1,1,1,NA,NA,1,NA,0,1,-1,-1,-1,-1,-1,-1,1,-1,NA,NA,0,-1,NA,NA,NA,NA,NA,NA,NA,NA,NA
1697,1,33410,1159,4,3,1.064,,2001Q2,,1,-1,NA,NA,1,-1,1,-1,NA,NA,0,0,1,-1,0,0,1,-1,0,0,1,1,0,0,1,1,1,1,NA,NA,0,0,-1,1,-1,-1,-1,-1,-1,0,1,0,NA,NA,0,0,NA,NA,NA,NA,NA,NA,NA,NA,NA
1738,1,33430,1060,5,4,3.298,,2001Q2,,NA,-1,NA,NA,NA,-1,NA,-1,NA,NA,NA,NA,NA,-1,NA,-1,NA,-1,NA,0,NA,0,NA,-1,NA,-1,NA,0,NA,NA,-1,0,0,1,-1,-1,-1,-1,0,0,0,0,1,0,-1,-1,NA,NA,NA,NA,NA,NA,NA,NA,NA
1748,1,33453,1049,3,4,0.63,,2001Q2,,-1,0,NA,NA,-1,-1,-1,-1,NA,NA,-1,-1,-1,-1,0,-1,-1,-1,0,0,1,1,1,1,1,1,1,1,NA,NA,0,1,0,1,-1,-1,-1,-1,0,NA,0,1,-1,0,-1,-1,NA,NA,NA,NA,NA,NA,NA,NA,NA
1750,1,33459,1070,9,4,7.436,0,2001Q2,7.436,0,1,0,0,-1,0,-1,1,0,0,-1,0,-1,0,-1,-1,-1,0,-1,-1,1,1,1,1,1,1,0,0,0,0,NA,NA,NA,NA,NA,NA,NA,NA,NA,NA,NA,NA,NA,NA,NA,NA,NA,NA,NA,NA,NA,NA,NA,NA,NA
1759,1,33474,1109,3,2,0.33,,2001Q2,,0,0,NA,NA,0,0,-1,0,NA,NA,0,0,-1,-1,0,0,0,0,1,0,1,0,1,0,1,1,0,0,NA,NA,1,1,0,1,NA,0,-1,-1,-1,0,0,0,0,0,0,0,NA,NA,NA,NA,NA,NA,NA,NA,NA
1767,1,33515,1109,4,3,0.627,0.627,2001Q2,0.627,0,1,1,NA,0,1,0,1,1,1,0,0,1,1,-1,-1,0,0,0,0,1,1,0,1,1,1,1,1,1,1,1,1,1,1,-1,0,0,-1,0,-1,0,-1,1,1,1,1,NA,NA,NA,NA,NA,NA,NA,NA,NA
1793,1,33524,1020,8,4,2.444,2.444,2001Q2,2.444,0,1,1,1,0,0,0,1,1,1,0,0,1,1,-1,-1,0,0,0,0,1,1,-1,-1,1,1,1,1,1,1,0,0,0,1,-1,1,0,-1,0,0,0,0,0,1,0,0,NA,NA,NA,NA,NA,NA,NA,NA,NA
1999,1,40581,1049,6,4,3.024,-3.024,2001Q2,3.024,-1,0,-1,0,-1,0,-1,0,-1,0,-1,0,-1,0,-1,0,-1,0,-1,0,0,0,0,0,1,0,1,0,1,0,0,0,0,1,-1,-1,-1,-1,-1,-1,1,-1,1,1,0,1,NA,NA,NA,NA,NA,NA,NA,NA,NA
2005,1,40583,1042,8,4,5.922,,2001Q2,,-1,-1,NA,1,-1,1,-1,-1,0,1,1,0,-1,0,-1,0,-1,0,1,0,1,0,1,0,1,0,-1,0,-1,0,1,1,0,1,-1,1,0,-1,-1,NA,1,0,1,1,0,1,NA,NA,NA,NA,NA,NA,NA,NA,NA
2010,1,40614,1060,5,4,3.298,-3.298,2001Q2,3.298,-1,-1,-1,-1,-1,-1,-1,-1,-1,-1,-1,-1,-1,-1,-1,-1,-1,-1,-1,-1,0,0,1,1,1,1,0,0,1,1,1,0,0,1,-1,-1,-1,-1,-1,0,1,-1,0,1,-1,1,NA,NA,NA,NA,NA,NA,NA,NA,NA
2022,1,40628,1060,9,4,27.742,27.742,2001Q2,27.742,-1,-1,1,1,0,1,-1,-1,1,1,0,1,-1,0,0,0,0,0,1,1,1,0,1,0,0,0,0,0,0,0,0,1,0,1,-1,0,-1,-1,0,NA,0,0,0,1,1,0,NA,NA,NA,NA,NA,NA,NA,NA,NA
2053,1,40719,1060,3,4,0.97,,2001Q2,,-1,-1,NA,NA,-1,-1,-1,-1,NA,NA,-1,-1,-1,-1,-1,-1,-1,-1,-1,-1,1,1,1,1,1,1,1,1,NA,NA,1,1,-1,1,-1,0,-1,-1,0,NA,1,0,-1,NA,-1,-1,NA,NA,NA,NA,NA,NA,NA,NA,NA
2063,1,40745,1060,3,4,0.97,,2001Q2,,0,1,NA,NA,0,1,0,1,NA,NA,0,0,-1,0,-1,-1,-1,-1,-1,-1,1,1,1,1,1,1,1,1,NA,NA,0,0,0,1,-1,1,0,-1,0,0,-1,0,1,0,-1,-1,NA,NA,NA,NA,NA,NA,NA,NA,NA
2091,1,40758,1060,5,4,3.298,0,2001Q2,3.298,1,1,0,1,1,1,1,1,0,1,0,0,0,0,1,1,0,0,1,0,1,1,1,1,1,1,1,1,0,0,-1,0,-1,-1,1,0,-1,-1,0,0,0,-1,0,1,1,0,NA,NA,NA,NA,NA,NA,NA,NA,NA
2111,1,40762,1060,9,4,27.742,27.742,2001Q2,27.742,0,0,1,-1,0,0,0,0,0,-1,0,0,0,0,0,0,0,0,0,0,1,1,1,1,0,0,0,0,0,0,1,1,0,-1,1,-1,-1,-1,-1,-1,0,0,0,-1,0,-1,NA,NA,NA,NA,NA,NA,NA,NA,NA
2118,1,40857,1070,4,3,0.494,-0.494,2001Q2,0.494,-1,-1,-1,0,-1,-1,-1,-1,0,-1,0,0,-1,-1,-1,-1,-1,-1,0,0,1,1,1,1,1,1,1,1,1,0,1,1,-1,1,NA,0,0,-1,1,0,1,1,0,0,0,-1,NA,NA,NA,NA,NA,NA,NA,NA,NA
2122,1,40938,1080,8,4,3.666,-3.666,2001Q2,3.666,1,-1,-1,-1,0,-1,1,-1,-1,-1,1,1,1,0,0,-1,0,-1,0,-1,0,-1,1,-1,1,-1,1,-1,0,-1,0,1,0,-1,1,0,0,-1,-1,0,-1,-1,1,-1,1,0,NA,NA,NA,NA,NA,NA,NA,NA,NA
2123,1,40945,1080,4,2,0.741,0,2001Q2,0.741,-1,1,0,0,-1,-1,-1,1,0,0,0,0,-1,0,0,0,0,0,1,1,1,1,1,1,1,1,1,1,0,0,-1,-1,0,1,-1,-1,-1,-1,1,-1,0,-1,1,0,0,1,NA,NA,NA,NA,NA,NA,NA,NA,NA
2159,1,41192,1109,3,2,0.33,-0.33,2001Q2,0.33,-1,0,-1,0,-1,0,-1,0,-1,0,-1,0,0,0,-1,-1,-1,-1,0,0,0,0,1,0,1,0,1,1,1,0,0,0,-1,1,-1,-1,-1,-1,-1,-1,1,-1,-1,0,-1,0,NA,NA,NA,NA,NA,NA,NA,NA,NA
2183,1,41203,1109,8,4,3.102,3.102,2001Q2,3.102,1,1,1,1,1,1,1,1,1,1,-1,-1,1,1,0,0,1,1,NA,NA,1,1,0,0,1,1,1,1,1,1,0,0,-1,-1,NA,-1,-1,-1,-1,NA,NA,NA,NA,NA,NA,NA,NA,NA,NA,NA,NA,NA,NA,NA,NA
2219,1,41236,1110,3,3,0.35,0,2001Q2,0.35,1,1,0,0,1,1,1,1,0,0,1,1,1,1,0,0,0,0,0,0,0,0,0,0,1,1,0,0,0,0,0,0,0,-1,NA,-1,-1,-1,-1,1,0,0,0,0,1,0,NA,NA,NA,NA,NA,NA,NA,NA,NA
2305,1,41569,1130,2,2,0.056,,2001Q2,,-1,-1,NA,NA,NA,NA,-1,-1,NA,NA,NA,NA,-1,-1,0,0,1,1,1,1,1,NA,1,NA,1,NA,-1,NA,NA,NA,0,0,0,1,-1,0,0,-1,-1,-1,1,1,-1,-1,0,-1,NA,NA,NA,NA,NA,NA,NA,NA,NA
2325,1,41813,1149,1,2,0.077,0,2001Q2,0.077,-1,0,0,0,-1,-1,-1,-1,0,0,-1,-1,0,0,0,0,0,0,0,0,1,1,0,0,1,1,1,1,1,1,0,0,-1,1,-1,-1,-1,-1,-1,0,-1,0,1,0,0,1,NA,NA,NA,NA,NA,NA,NA,NA,NA
2359,1,41848,1149,2,2,0.308,0,2001Q2,0.308,-1,-1,0,-1,-1,-1,-1,-1,0,-1,0,0,-1,-1,0,0,0,0,0,0,1,1,1,1,1,1,1,1,1,1,0,0,0,1,-1,-1,-1,-1,-1,0,1,-1,0,0,0,0,NA,NA,NA,NA,NA,NA,NA,NA,NA
2373,1,41909,1159,4,3,1.064,0,2001Q2,1.064,0,0,0,0,0,0,0,0,0,0,0,0,0,0,0,0,0,0,0,0,1,1,0,0,1,1,1,1,0,0,0,0,-1,-1,-1,0,0,-1,-1,-1,0,0,0,0,0,NA,NA,NA,NA,NA,NA,NA,NA,NA,NA
2392,1,42124,1159,4,3,1.064,,2001Q2,,0,0,NA,NA,0,0,0,0,NA,NA,0,0,0,0,0,0,0,0,-1,-1,1,1,0,0,0,0,0,1,NA,NA,0,1,0,1,-1,-1,-1,-1,-1,1,1,1,NA,NA,0,0,NA,NA,NA,NA,NA,NA,NA,NA,NA
2420,1,42175,1160,5,4,2.346,0,2001Q2,2.346,1,1,0,0,1,0,1,0,0,0,0,0,1,1,0,0,1,0,0,1,1,1,1,1,1,1,0,1,1,1,0,0,0,-1,1,0,-1,-1,-1,0,0,-1,1,1,1,1,NA,NA,NA,NA,NA,NA,NA,NA,NA
2440,1,42263,1170,3,3,0.91,-0.91,2001Q2,0.91,0,0,-1,0,0,0,0,0,-1,0,-1,0,-1,0,-1,0,0,0,0,0,1,0,1,0,1,0,0,0,0,0,1,0,0,1,-1,0,-1,-1,-1,1,1,1,0,0,0,0,NA,NA,NA,NA,NA,NA,NA,NA,NA
2461,1,42411,1181,2,2,0.24,,2001Q2,,-1,-1,NA,NA,-1,-1,-1,-1,NA,NA,-1,-1,-1,-1,0,0,-1,-1,-1,-1,1,1,1,1,1,1,1,1,NA,NA,0,1,-1,1,-1,-1,-1,-1,-1,1,1,0,0,0,0,0,NA,NA,NA,NA,NA,NA,NA,NA,NA
2465,1,42522,1170,5,4,3.094,3.094,2001Q2,3.094,1,1,1,1,1,1,1,1,1,1,1,1,1,1,0,0,1,1,0,0,0,0,-1,-1,1,0,1,0,0,0,1,1,-1,1,-1,-1,-1,-1,-1,-1,0,-1,0,1,1,1,NA,NA,NA,NA,NA,NA,NA,NA,NA
2521,1,43031,1209,5,4,2.38,,2001Q2,,0,1,NA,NA,0,1,1,1,NA,NA,0,0,0,1,0,1,0,0,0,0,1,1,0,1,1,1,0,1,NA,NA,0,0,0,1,1,1,-1,-1,0,1,0,1,NA,NA,1,1,NA,NA,NA,NA,NA,NA,NA,NA,NA
2542,1,43217,1219,4,3,0.551,0.551,2001Q2,0.551,0,-1,1,1,1,1,0,-1,1,1,1,1,1,1,-1,-1,0,0,0,0,-1,-1,-1,-1,1,1,1,1,1,1,0,-1,1,1,1,0,-1,-1,-1,0,-1,0,1,1,0,1,NA,NA,NA,NA,NA,NA,NA,NA,NA
2560,1,93416,1090,5,4,1.02,,2001Q2,,0,0,NA,NA,0,0,0,0,NA,NA,NA,NA,0,0,0,0,0,0,0,0,1,0,1,0,1,0,0,1,NA,NA,0,0,0,1,1,-1,-1,-1,-1,0,-1,0,0,NA,0,0,NA,NA,NA,NA,NA,NA,NA,NA,NA
2588,1,93419,1090,6,4,1.44,-1.44,2001Q2,1.44,0,-1,-1,0,0,0,-1,0,-1,0,0,0,-1,-1,-1,-1,0,0,1,1,1,1,0,1,1,1,0,1,0,0,0,0,-1,1,-1,0,-1,-1,0,0,0,0,1,1,0,0,NA,NA,NA,NA,NA,NA,NA,NA,NA
2616,1,93746,1080,3,2,0.39,,2001Q2,,0,0,NA,NA,0,0,0,0,NA,NA,0,0,-1,-1,0,0,0,0,0,0,1,1,1,1,1,1,1,1,NA,NA,0,0,NA,1,-1,-1,-1,-1,-1,0,1,1,NA,NA,0,-1,NA,NA,NA,NA,NA,NA,NA,NA,NA
2619,1,93752,1060,4,4,1.843,,2001Q2,,-1,-1,NA,NA,-1,-1,-1,-1,NA,NA,1,1,-1,-1,-1,-1,-1,-1,-1,-1,1,1,1,1,1,1,-1,-1,NA,NA,1,1,1,1,-1,1,-1,-1,1,1,1,1,-1,NA,-1,-1,NA,NA,NA,NA,NA,NA,NA,NA,NA
2649,1,93773,1049,2,3,0.252,,2001Q2,,0,1,NA,NA,0,1,0,1,NA,NA,-1,1,-1,0,0,0,-1,1,-1,-1,1,0,1,0,1,0,1,0,NA,NA,0,0,-1,1,-1,-1,-1,-1,0,-1,1,0,0,1,-1,0,NA,NA,NA,NA,NA,NA,NA,NA,NA
2652,1,93776,1021,5,4,0.884,-0.884,2001Q2,0.884,1,NA,-1,NA,NA,NA,1,NA,-1,NA,NA,NA,0,NA,0,NA,0,NA,0,NA,1,NA,1,NA,1,NA,1,NA,1,NA,0,0,0,1,-1,NA,0,NA,NA,NA,0,NA,NA,1,1,NA,NA,NA,NA,NA,NA,NA,NA,NA,NA
2673,1,93879,1149,3,4,0.77,0.77,2001Q2,0.77,1,1,1,1,NA,NA,1,1,1,1,-1,-1,1,1,0,0,0,0,0,0,1,1,1,1,1,1,1,1,1,1,1,0,0,1,1,0,0,-1,1,-1,1,-1,1,-1,0,1,NA,NA,NA,NA,NA,NA,NA,NA,NA
2683,1,93906,1040,4,4,1.197,1.197,2001Q2,1.197,0,1,1,1,1,1,0,1,1,1,-1,0,0,1,0,0,0,1,-1,0,1,0,0,0,1,1,0,0,0,1,0,0,-1,1,-1,-1,-1,-1,0,0,1,1,-1,1,0,1,NA,NA,NA,NA,NA,NA,NA,NA,NA
2693,1,94001,1181,2,2,0.24,0.24,2001Q2,0.24,0,0,1,1,1,0,0,0,1,1,0,0,0,1,0,0,0,0,0,0,1,1,0,1,1,1,1,1,0,0,0,0,0,-1,1,-1,-1,-1,-1,-1,-1,0,0,1,0,1,NA,NA,NA,NA,NA,NA,NA,NA,NA
2702,1,94034,1219,4,3,0.551,-0.551,2001Q2,0.551,0,0,-1,-1,-1,-1,0,0,-1,-1,0,0,-1,-1,0,0,0,0,0,1,0,0,0,0,1,1,1,1,1,1,1,1,0,1,-1,0,-1,-1,0,-1,1,0,1,1,1,1,NA,NA,NA,NA,NA,NA,NA,NA,NA
2722,1,94504,1010,8,4,12.22,0,2001Q2,12.22,1,1,0,0,1,1,1,1,0,0,0,0,0,-1,1,1,1,1,1,1,0,0,0,0,0,0,1,1,1,1,0,0,0,1,1,0,0,0,1,-1,-1,-1,-1,1,0,0,NA,NA,NA,NA,NA,NA,NA,NA,NA
2729,1,94514,1201,3,3,0.7,-0.7,2001Q2,0.7,-1,0,-1,0,-1,0,-1,0,-1,0,-1,0,-1,0,0,0,0,0,0,0,1,1,1,1,1,0,1,0,0,0,0,1,0,1,-1,-1,-1,-1,-1,0,0,0,0,0,0,0,NA,NA,NA,NA,NA,NA,NA,NA,NA
2751,1,94762,1159,2,1,0.224,,2001Q2,,0,0,NA,NA,0,0,0,0,NA,NA,0,0,-1,-1,0,0,0,0,-1,0,1,1,1,1,0,0,0,0,NA,NA,0,0,0,1,-1,-1,-1,-1,-1,0,1,1,NA,NA,-1,-1,NA,NA,NA,NA,NA,NA,NA,NA,NA
2754,1,94936,1110,2,2,0.14,0,2001Q2,0.14,0,-1,0,-1,-1,-1,-1,-1,-1,-1,0,0,0,-1,0,0,-1,-1,0,0,0,0,0,0,0,0,0,0,0,0,0,0,0,1,-1,-1,-1,-1,-1,0,0,0,0,0,0,-1,NA,NA,NA,NA,NA,NA,NA,NA,NA
2834,2,33245,1049,4,4,1.197,1.197,2001Q2,1.197,0,0,1,1,1,1,0,0,1,1,0,0,0,0,0,0,1,1,0,0,1,0,1,1,1,1,1,1,1,1,0,0,0,-1,1,1,0,-1,0,-1,-1,-1,0,0,-1,-1,NA,NA,NA,NA,NA,NA,NA,NA,NA
2851,2,33248,1049,3,4,0.63,-0.63,2001Q2,0.63,-1,-1,-1,-1,-1,-1,-1,-1,-1,-1,-1,-1,-1,-1,-1,-1,-1,-1,0,1,-1,-1,0,1,-1,-1,0,0,1,1,1,1,-1,1,-1,-1,-1,-1,-1,-1,1,-1,-1,1,1,0,NA,NA,NA,NA,NA,NA,NA,NA,NA
2865,2,33250,1200,7,4,4.34,0,2001Q2,4.34,0,-1,0,-1,0,-1,0,-1,0,-1,-1,-1,0,-1,0,-1,0,-1,0,1,0,1,0,1,0,1,0,0,1,0,NA,NA,NA,NA,NA,NA,NA,NA,NA,NA,NA,NA,NA,NA,NA,NA,NA,NA,NA,NA,NA,NA,NA,NA,NA
2891,2,33286,1209,7,4,4.34,0,2001Q2,4.34,1,1,0,0,1,1,1,1,0,0,0,0,1,1,0,0,0,0,1,1,NA,NA,1,1,1,1,0,1,0,0,1,0,0,-1,1,0,-1,-1,-1,1,-1,0,1,0,1,0,NA,NA,NA,NA,NA,NA,NA,NA,NA
2899,2,33352,1192,7,4,3.1,-3.1,2001Q2,3.1,-1,-1,-1,-1,-1,-1,-1,-1,-1,-1,0,0,-1,-1,-1,-1,-1,-1,-1,-1,0,0,-1,-1,1,1,0,0,0,0,1,1,0,1,-1,-1,-1,-1,0,0,1,1,1,-1,-1,-1,NA,NA,NA,NA,NA,NA,NA,NA,NA
2910,2,33471,1060,4,4,1.843,1.843,2001Q2,1.843,1,1,1,1,1,1,1,1,1,1,1,0,1,1,0,0,0,0,0,0,0,1,0,1,0,1,0,0,0,1,-1,-1,1,-1,1,0,-1,-1,0,0,-1,-1,1,1,0,1,NA,NA,NA,NA,NA,NA,NA,NA,NA
3225,2,40427,1020,5,4,0.884,0,2001Q2,0.884,0,0,0,0,0,0,0,0,0,0,0,0,0,0,0,0,0,0,0,0,1,0,0,0,0,0,0,0,0,0,0,0,0,-1,1,-1,-1,-1,-1,-1,-1,0,0,0,0,0,NA,NA,NA,NA,NA,NA,NA,NA,NA
3246,2,40527,1042,5,4,2.142,-2.142,2001Q2,2.142,1,1,-1,0,1,1,1,1,-1,0,0,0,0,0,1,0,1,1,0,0,0,1,0,1,1,1,0,1,0,0,1,1,-1,-1,-1,0,-1,-1,0,0,1,0,0,1,0,0,NA,NA,NA,NA,NA,NA,NA,NA,NA
3252,2,40788,1049,4,4,1.197,,2001Q2,,1,1,NA,NA,1,1,1,1,NA,NA,-1,-1,1,1,1,1,0,0,1,1,1,1,0,0,0,0,1,1,NA,NA,0,0,0,-1,1,0,-1,-1,-1,0,0,0,1,NA,0,0,NA,NA,NA,NA,NA,NA,NA,NA,NA
3278,2,40960,1081,3,2,0.39,0.39,2001Q2,0.39,1,1,1,0,1,1,1,1,1,0,0,0,1,1,1,0,0,0,0,0,1,1,1,1,1,1,1,1,1,1,0,0,0,1,1,0,-1,-1,0,0,-1,0,1,1,0,1,NA,NA,NA,NA,NA,NA,NA,NA,NA
3282,2,41197,1109,5,4,1.122,0,2001Q2,1.122,0,0,0,0,0,0,0,0,0,0,0,0,0,0,-1,-1,0,0,0,0,1,0,1,0,1,1,1,0,0,0,0,1,-1,-1,-1,0,-1,-1,-1,0,0,0,0,0,1,0,NA,NA,NA,NA,NA,NA,NA,NA,NA
3303,2,41564,1130,9,4,4.004,4.004,2001Q2,4.004,-1,1,1,1,1,1,-1,1,1,1,0,0,0,-1,0,0,1,0,0,0,1,0,1,0,1,0,1,1,1,1,0,1,0,-1,-1,-1,-1,-1,-1,0,0,0,0,1,0,0,NA,NA,NA,NA,NA,NA,NA,NA,NA
3306,2,41657,1149,4,4,1.463,1.463,2001Q2,1.463,1,0,1,0,1,0,1,0,1,0,1,0,1,0,-1,-1,1,1,1,1,0,0,0,0,0,0,0,0,0,0,1,-1,1,1,1,0,-1,-1,0,0,0,0,1,1,1,1,NA,NA,NA,NA,NA,NA,NA,NA,NA
3344,2,41753,1149,9,4,22.022,0,2001Q2,22.022,1,1,0,1,1,1,1,1,0,1,1,-1,1,0,1,-1,1,0,0,1,1,-1,1,-1,1,-1,0,0,0,0,0,0,0,1,-1,1,0,-1,0,0,0,1,1,1,1,0,NA,NA,NA,NA,NA,NA,NA,NA,NA
3358,2,41912,1159,2,1,0.224,,2001Q2,,-1,0,NA,NA,-1,0,-1,0,NA,NA,-1,0,-1,0,-1,0,-1,0,0,0,1,0,1,0,1,0,1,0,NA,NA,0,0,-1,1,-1,-1,-1,-1,-1,0,0,0,NA,NA,NA,NA,NA,NA,NA,NA,NA,NA,NA,NA,NA
3394,2,42023,1159,4,3,1.064,,2001Q2,,1,1,NA,NA,1,1,1,1,NA,NA,NA,NA,1,1,0,0,0,0,0,0,-1,-1,-1,-1,1,0,1,0,NA,NA,0,0,0,1,-1,0,-1,-1,-1,-1,0,-1,0,0,1,1,NA,NA,NA,NA,NA,NA,NA,NA,NA
3397,2,42567,1179,5,4,3.094,,2001Q2,,0,0,NA,NA,0,0,0,0,NA,NA,0,0,0,0,0,0,0,0,0,0,0,0,0,0,1,0,1,0,NA,NA,NA,NA,NA,NA,NA,NA,NA,NA,NA,NA,NA,NA,NA,NA,NA,NA,NA,NA,NA,NA,NA,NA,NA,NA,NA
3443,2,93808,1159,3,2,0.56,,2001Q2,,1,1,NA,NA,1,1,1,1,NA,NA,0,0,1,1,0,0,0,0,0,0,0,0,1,1,1,1,1,1,NA,NA,0,0,0,1,1,-1,-1,-1,-1,0,0,-1,0,0,0,1,NA,NA,NA,NA,NA,NA,NA,NA,NA
3449,2,93833,1159,2,1,0.224,,2001Q2,,0,1,NA,NA,1,0,0,1,NA,NA,-1,0,0,0,0,0,0,0,-1,-1,1,1,1,1,1,1,1,0,NA,NA,0,0,0,1,-1,0,-1,1,-1,0,0,-1,NA,NA,-1,0,NA,NA,NA,NA,NA,NA,NA,NA,NA
3490,2,93847,1181,3,3,0.6,0,2001Q2,0.6,0,0,0,0,0,0,0,0,0,0,0,0,0,0,0,0,0,0,0,0,0,0,0,0,0,0,0,0,0,0,0,0,0,NA,1,0,0,0,0,0,0,0,0,0,0,0,NA,NA,NA,NA,NA,NA,NA,NA,NA
3508,2,93863,1049,4,4,1.197,-1.197,2001Q2,1.197,0,0,-1,1,0,1,0,0,-1,1,-1,0,0,1,-1,-1,0,0,0,0,-1,-1,0,0,1,1,1,1,0,1,1,1,0,1,1,-1,-1,-1,-1,-1,0,0,0,1,1,1,NA,NA,NA,NA,NA,NA,NA,NA,NA
3533,2,93997,1179,4,4,1.729,0,2001Q2,1.729,1,0,0,0,1,0,1,0,0,0,1,0,1,0,1,0,1,0,0,0,0,0,0,0,1,0,0,0,0,0,0,0,0,1,1,-1,-1,-1,0,0,1,0,0,0,0,1,NA,NA,NA,NA,NA,NA,NA,NA,NA
3550,2,94072,1090,3,3,0.3,,2001Q2,,0,0,NA,NA,0,0,0,0,NA,NA,0,0,-1,-1,-1,0,-1,0,-1,-1,1,0,1,0,1,0,1,0,NA,NA,1,0,0,1,-1,0,-1,-1,-1,0,1,1,1,-1,-1,-1,NA,NA,NA,NA,NA,NA,NA,NA,NA
3576,2,94353,1110,4,4,0.665,,2001Q2,,0,1,NA,NA,0,1,0,0,NA,NA,NA,NA,-1,0,0,0,0,0,0,0,1,0,1,0,1,1,0,0,NA,NA,1,0,0,1,-1,1,0,-1,-1,0,1,0,1,NA,1,0,NA,NA,NA,NA,NA,NA,NA,NA,NA
3580,2,94937,1170,4,4,1.729,1.729,2001Q2,1.729,1,1,1,1,1,1,1,1,1,1,-1,-1,1,1,-1,-1,1,1,0,0,1,1,1,1,1,1,1,0,-1,0,0,0,0,1,-1,-1,-1,-1,-1,0,1,0,0,0,0,1,NA,NA,NA,NA,NA,NA,NA,NA,NA
3642,3,42395,1179,3,3,0.91,0,2001Q2,0.91,0,0,0,0,0,0,0,0,0,0,NA,NA,1,0,0,0,0,0,0,0,0,0,0,0,0,0,0,0,0,0,NA,NA,0,-1,1,-1,-1,-1,-1,-1,1,0,0,0,0,0,NA,NA,NA,NA,NA,NA,NA,NA,NA
3703,3,93975,1159,4,3,1.064,,2001Q2,,-1,0,NA,NA,0,0,-1,0,NA,NA,-1,0,-1,0,0,0,0,0,NA,NA,1,1,1,0,1,0,1,0,NA,NA,0,0,0,1,-1,-1,-1,-1,-1,-1,0,NA,0,0,-1,0,NA,NA,NA,NA,NA,NA,NA,NA,NA
3857,4,42777,1190,1,1,0.05,,2001Q2,,0,-1,NA,NA,0,0,0,-1,NA,NA,0,0,0,-1,0,0,0,0,NA,NA,1,1,1,1,1,1,0,0,NA,NA,0,0,0,1,-1,0,0,-1,0,0,0,0,NA,NA,NA,-1,NA,NA,NA,NA,NA,NA,NA,NA,NA
3892,4,93878,1110,3,3,0.35,,2001Q2,,-1,0,NA,NA,-1,0,-1,0,-1,0,-1,0,-1,0,NA,0,NA,0,NA,NA,1,0,1,0,0,0,0,0,NA,NA,1,0,0,-1,-1,-1,-1,-1,-1,1,0,0,NA,NA,0,0,NA,NA,NA,NA,NA,NA,NA,NA,NA
3905,4,93915,1149,2,2,0.308,-0.308,2001Q2,0.308,1,0,-1,0,1,0,1,0,-1,-1,1,-1,1,-1,1,-1,1,0,0,0,-1,1,-1,1,0,1,0,1,0,0,0,0,1,1,1,-1,0,-1,0,0,1,1,-1,-1,-1,-1,NA,NA,NA,NA,NA,NA,NA,NA,NA
3915,4,93970,1219,4,3,0.551,-0.551,2001Q2,0.551,0,0,-1,-1,-1,0,0,0,-1,0,-1,-1,-1,-1,-1,-1,0,-1,0,0,1,1,1,1,1,1,0,0,0,0,0,1,-1,1,-1,-1,-1,-1,-1,0,1,-1,0,1,0,0,NA,NA,NA,NA,NA,NA,NA,NA,NA
3927,4,94341,1219,2,2,0.116,0.116,2001Q2,0.116,-1,1,1,1,1,1,-1,1,1,1,1,1,1,1,0,0,0,0,0,1,1,1,1,1,1,1,1,1,1,1,-1,-1,1,-1,1,0,-1,-1,0,-1,-1,-1,1,1,1,1,NA,NA,NA,NA,NA,NA,NA,NA,NA
4153,5,33262,1070,3,3,0.26,0,2001Q2,0.26,0,0,0,0,0,0,0,0,0,0,0,0,0,0,NA,NA,0,0,NA,NA,0,0,0,0,0,0,0,0,0,0,0,0,0,1,-1,0,0,0,0,0,0,1,0,0,-1,-1,NA,NA,NA,NA,NA,NA,NA,NA,NA
4185,5,33279,1042,5,4,2.142,0,2001Q2,2.142,-1,NA,0,NA,-1,NA,-1,NA,0,NA,-1,NA,-1,NA,0,NA,-1,NA,-1,NA,1,NA,1,NA,1,NA,0,NA,0,NA,1,1,-1,1,-1,0,-1,-1,0,0,1,0,1,1,1,1,NA,NA,NA,NA,NA,NA,NA,NA,NA
4187,5,33280,1109,6,4,1.584,,2001Q2,,-1,1,NA,NA,-1,1,-1,1,NA,NA,-1,0,-1,0,-1,0,-1,-1,0,1,1,1,1,1,1,1,0,1,NA,NA,1,1,-1,1,-1,0,-1,-1,-1,-1,1,1,0,NA,1,1,NA,NA,NA,NA,NA,NA,NA,NA,NA
4224,5,33283,1219,4,3,0.551,0,2001Q2,0.551,0,0,0,0,0,0,0,0,-1,0,0,0,0,0,0,0,0,0,0,0,1,0,1,0,1,0,1,0,1,0,0,0,0,-1,1,-1,-1,-1,0,0,-1,0,1,0,0,-1,NA,NA,NA,NA,NA,NA,NA,NA,NA
4241,5,33303,1179,8,4,8.554,8.554,2001Q2,8.554,1,1,1,1,0,1,1,0,1,0,0,0,0,0,0,0,0,0,0,0,-1,0,-1,0,1,1,0,0,0,0,0,0,0,1,1,0,-1,-1,-1,1,0,0,1,1,0,0,NA,NA,NA,NA,NA,NA,NA,NA,NA
4294,5,33312,1109,4,3,0.627,-0.627,2001Q2,0.627,-1,-1,-1,-1,-1,-1,-1,-1,-1,-1,-1,-1,-1,-1,-1,-1,-1,-1,0,0,0,0,1,1,1,1,1,1,0,0,0,0,0,1,-1,-1,-1,-1,-1,0,1,0,0,0,-1,-1,NA,NA,NA,NA,NA,NA,NA,NA,NA
4311,5,33318,1201,8,4,6.58,0,2001Q2,6.58,1,1,0,0,1,1,1,NA,0,0,0,0,1,1,-1,-1,0,0,1,1,1,1,1,1,NA,NA,1,1,0,0,NA,0,-1,-1,NA,-1,-1,-1,NA,0,-1,-1,1,-1,1,1,NA,NA,NA,NA,NA,NA,NA,NA,NA
4316,5,33325,1090,7,4,1.86,0,2001Q2,1.86,0,0,0,0,0,0,1,0,0,1,0,0,0,0,0,0,0,0,0,1,1,0,1,0,1,0,1,0,1,0,1,1,-1,1,-1,0,-1,-1,0,0,0,0,0,0,1,1,NA,NA,NA,NA,NA,NA,NA,NA,NA
4326,5,33332,1060,6,4,4.656,4.656,2001Q2,4.656,-1,0,1,1,NA,NA,-1,-1,1,1,1,1,-1,-1,0,0,1,1,0,0,1,1,1,1,1,1,0,0,1,1,0,0,1,1,-1,0,0,1,1,1,1,1,0,1,0,-1,NA,NA,NA,NA,NA,NA,NA,NA,NA
4327,5,33337,1110,5,4,1.19,0,2001Q2,1.19,0,0,0,0,0,0,-1,-1,-1,-1,0,0,0,0,-1,-1,-1,-1,-1,-1,1,1,1,1,1,1,1,1,0,0,0,0,0,1,-1,1,0,-1,0,0,0,1,0,0,0,0,NA,NA,NA,NA,NA,NA,NA,NA,NA
4341,5,33338,1049,3,4,0.63,,2001Q2,,-1,0,NA,NA,1,0,-1,0,NA,NA,0,0,0,0,0,0,0,0,0,0,1,0,1,0,1,0,0,0,NA,NA,1,1,0,-1,-1,-1,-1,-1,-1,0,0,0,0,0,0,0,NA,NA,NA,NA,NA,NA,NA,NA,NA
4345,5,33350,1170,3,3,0.91,0,2001Q2,0.91,-1,-1,0,1,-1,0,-1,-1,0,1,-1,-1,-1,-1,0,0,0,1,0,0,1,1,0,1,1,1,1,0,0,1,1,0,-1,1,-1,1,0,-1,1,0,1,1,1,1,0,-1,NA,NA,NA,NA,NA,NA,NA,NA,NA
4377,5,33414,1109,4,3,0.627,0.627,2001Q2,0.627,1,1,1,0,1,0,1,0,1,0,0,0,1,0,0,0,1,0,-1,NA,0,1,0,1,0,0,0,0,0,0,0,0,-1,-1,1,1,0,-1,-1,0,-1,0,0,1,0,0,NA,NA,NA,NA,NA,NA,NA,NA,NA
4393,5,33450,1013,4,4,2.47,,2001Q2,,1,0,NA,NA,NA,NA,1,0,NA,NA,NA,NA,NA,NA,0,0,1,0,NA,NA,1,0,0,0,0,1,0,0,NA,NA,0,0,0,-1,1,0,0,0,1,0,1,1,NA,NA,NA,0,NA,NA,NA,NA,NA,NA,NA,NA,NA
4430,5,33503,1109,3,2,0.33,0,2001Q2,0.33,-1,-1,0,0,-1,-1,-1,-1,0,0,-1,-1,-1,-1,-1,-1,-1,-1,0,0,1,1,0,1,1,0,1,0,0,-1,-1,0,-1,1,-1,0,-1,-1,0,-1,1,-1,0,0,1,0,NA,NA,NA,NA,NA,NA,NA,NA,NA
4433,5,33506,1060,3,4,0.97,0,2001Q2,0.97,-1,1,0,1,-1,1,-1,1,0,1,-1,0,-1,1,0,0,0,0,0,0,0,0,1,1,1,0,0,0,0,0,0,-1,-1,-1,-1,0,0,-1,0,0,1,1,0,1,0,-1,NA,NA,NA,NA,NA,NA,NA,NA,NA
4450,5,33541,1159,6,4,2.688,0,2001Q2,2.688,1,1,0,0,1,1,0,0,0,0,0,0,1,1,0,0,0,0,0,0,1,1,0,0,0,0,1,1,0,0,0,0,0,1,-1,-1,-1,-1,-1,0,1,0,0,0,0,0,NA,NA,NA,NA,NA,NA,NA,NA,NA
4464,5,33542,1060,4,4,1.843,0,2001Q2,1.843,0,1,0,0,-1,1,-1,0,0,0,0,1,0,0,-1,1,-1,0,0,0,1,1,1,1,0,0,0,0,0,0,0,0,0,1,-1,-1,-1,-1,0,0,0,1,1,1,-1,0,NA,NA,NA,NA,NA,NA,NA,NA,NA
4498,5,33903,1159,4,3,1.064,,2001Q2,,-1,0,NA,NA,-1,0,-1,0,NA,NA,-1,0,-1,0,-1,-1,0,0,NA,NA,1,1,1,1,1,1,-1,-1,NA,NA,0,-1,0,1,-1,0,0,0,1,0,1,1,-1,NA,-1,-1,NA,NA,NA,NA,NA,NA,NA,NA,NA
4663,5,35035,1149,3,4,0.77,0,2001Q2,0.77,1,0,0,1,0,0,0,0,0,1,-1,-1,-1,0,1,0,-1,0,1,0,1,0,1,1,1,0,1,0,0,0,1,0,0,1,-1,0,0,0,1,0,1,1,-1,0,0,0,NA,NA,NA,NA,NA,NA,NA,NA,NA
5323,5,40188,1019,5,4,4.42,,2001Q2,,0,1,NA,NA,0,1,0,1,NA,NA,0,0,0,1,0,-1,0,1,0,-1,0,1,0,1,0,1,0,0,NA,NA,0,0,0,1,1,-1,-1,-1,0,-1,0,0,NA,NA,-1,0,NA,NA,NA,NA,NA,NA,NA,NA,NA
5329,5,40363,1019,7,4,8.06,8.06,2001Q2,8.06,1,1,1,1,1,1,1,1,1,1,-1,-1,1,1,0,0,-1,-1,0,0,1,1,1,1,1,1,1,1,1,1,1,0,1,1,-1,0,-1,-1,1,NA,1,1,1,1,1,1,NA,NA,NA,NA,NA,NA,NA,NA,NA
5350,5,40575,1153,2,1,0.224,,2001Q2,,1,0,NA,NA,1,0,1,0,1,0,0,0,0,0,0,0,0,0,1,0,1,1,1,0,1,0,1,0,1,0,1,0,0,1,1,-1,-1,-1,-1,-1,1,0,0,0,0,0,NA,NA,NA,NA,NA,NA,NA,NA,NA
5388,5,40595,1042,8,4,5.922,0,2001Q2,5.922,-1,-1,0,0,-1,-1,-1,0,0,0,-1,-1,-1,-1,-1,-1,-1,-1,1,1,1,1,1,1,1,1,1,1,1,1,1,1,1,1,-1,1,-1,-1,-1,0,1,0,0,1,1,0,NA,NA,NA,NA,NA,NA,NA,NA,NA
5401,5,40622,1060,8,4,9.118,-9.118,2001Q2,9.118,-1,-1,-1,-1,-1,-1,-1,-1,-1,-1,-1,-1,-1,-1,-1,-1,0,0,0,0,1,1,1,1,1,1,1,1,0,0,1,1,-1,1,-1,1,0,-1,1,1,1,1,0,-1,-1,-1,NA,NA,NA,NA,NA,NA,NA,NA,NA
5426,5,40813,1060,6,4,4.656,,2001Q2,,-1,-1,NA,NA,-1,-1,-1,-1,NA,NA,-1,-1,-1,-1,-1,-1,-1,-1,0,0,1,1,1,1,1,1,-1,-1,0,1,0,1,-1,1,-1,-1,-1,-1,-1,0,1,1,-1,1,-1,0,NA,NA,NA,NA,NA,NA,NA,NA,NA
5428,5,40825,1060,4,4,1.843,0,2001Q2,1.843,0,0,0,0,-1,-1,-1,0,-1,0,-1,0,-1,0,-1,0,-1,0,0,0,1,0,1,0,1,0,1,0,1,0,0,0,0,1,-1,-1,-1,-1,-1,-1,1,0,-1,-1,-1,-1,NA,NA,NA,NA,NA,NA,NA,NA,NA
5429,5,40846,1070,8,4,2.444,-2.444,2001Q2,2.444,-1,0,-1,0,-1,0,-1,0,-1,0,-1,0,-1,0,-1,0,-1,0,-1,0,0,1,0,1,0,1,0,1,0,1,0,-1,1,1,-1,0,0,-1,1,1,1,1,-1,-1,-1,-1,NA,NA,NA,NA,NA,NA,NA,NA,NA
5479,5,40950,1109,8,4,3.102,0,2001Q2,3.102,NA,NA,0,1,0,1,NA,NA,0,1,-1,-1,0,1,0,0,0,0,0,1,0,1,0,0,0,0,NA,NA,0,0,0,0,0,-1,1,1,0,0,1,0,1,0,1,1,1,1,NA,NA,NA,NA,NA,NA,NA,NA,NA
5522,5,41291,1110,2,2,0.14,0,2001Q2,0.14,0,0,0,0,0,0,0,0,0,0,0,0,-1,-1,0,0,0,0,0,0,1,1,0,0,1,1,1,1,1,1,0,0,0,1,-1,-1,-1,-1,-1,0,1,1,1,-1,0,0,NA,NA,NA,NA,NA,NA,NA,NA,NA
5547,5,41406,1109,5,4,1.122,0,2001Q2,1.122,-1,0,0,0,-1,0,0,0,0,0,0,0,-1,0,0,0,0,0,0,0,0,0,0,1,0,0,0,0,0,0,NA,NA,NA,NA,NA,NA,NA,NA,NA,NA,NA,NA,NA,NA,NA,NA,NA,NA,NA,NA,NA,NA,NA,NA,NA
5601,5,41713,1149,3,4,0.77,0.77,2001Q2,0.77,1,0,1,0,1,0,1,0,0,0,-1,0,1,0,0,0,0,0,1,0,0,0,0,0,0,0,0,0,0,0,0,-1,0,-1,1,-1,-1,-1,0,0,-1,-1,0,0,1,0,NA,NA,NA,NA,NA,NA,NA,NA,NA
5634,5,41825,1149,1,2,0.077,,2001Q2,,1,0,NA,NA,1,0,1,0,NA,NA,0,0,0,0,-1,0,0,0,0,NA,1,1,1,1,1,1,0,1,NA,NA,0,0,0,1,-1,-1,-1,-1,1,-1,0,1,0,0,0,1,NA,NA,NA,NA,NA,NA,NA,NA,NA
5686,5,41882,1149,1,2,0.077,0,2001Q2,0.077,0,1,0,0,0,1,0,0,0,0,-1,-1,0,0,0,0,0,0,0,0,1,1,1,0,1,1,1,1,0,0,0,0,-1,1,1,1,0,-1,-1,0,0,0,1,0,0,0,NA,NA,NA,NA,NA,NA,NA,NA,NA
5707,5,41920,1159,4,3,1.064,0,2001Q2,1.064,1,1,0,NA,0,1,1,1,NA,NA,1,1,1,1,0,0,0,1,1,0,0,1,0,1,1,1,1,1,1,NA,0,0,1,-1,1,0,0,-1,-1,0,-1,0,0,NA,0,0,NA,NA,NA,NA,NA,NA,NA,NA,NA
5717,5,42043,1159,3,2,0.56,-0.56,2001Q2,0.56,1,1,-1,0,0,0,1,1,-1,0,-1,-1,1,1,0,0,0,0,0,0,1,1,1,1,1,1,1,1,0,0,1,1,-1,1,-1,-1,-1,-1,-1,1,1,0,0,-1,1,0,NA,NA,NA,NA,NA,NA,NA,NA,NA
5730,5,42089,1159,2,1,0.224,,2001Q2,,-1,-1,NA,NA,0,0,-1,-1,NA,NA,0,0,-1,-1,-1,0,0,0,0,0,1,1,1,1,1,1,1,1,NA,NA,0,0,0,1,1,-1,-1,-1,-1,0,1,1,-1,-1,-1,-1,NA,NA,NA,NA,NA,NA,NA,NA,NA
5754,5,42249,1161,5,4,2.346,-2.346,2001Q2,2.346,0,1,-1,1,0,1,0,1,-1,1,-1,-1,0,1,-1,1,-1,1,0,0,NA,NA,NA,NA,1,1,0,0,1,1,0,0,0,1,-1,0,-1,-1,0,1,1,1,0,1,0,0,NA,NA,NA,NA,NA,NA,NA,NA,NA
5789,5,42874,1201,5,4,2.38,-2.38,2001Q2,2.38,0,1,-1,0,1,1,0,1,-1,0,0,0,-1,-1,-1,-1,-1,-1,-1,-1,1,1,0,0,1,1,0,0,0,0,0,-1,0,1,-1,-1,-1,-1,0,0,1,1,1,1,0,-1,NA,NA,NA,NA,NA,NA,NA,NA,NA
5821,5,43056,1209,9,4,20.02,20.02,2001Q2,20.02,1,1,1,1,1,1,1,1,1,1,1,1,1,1,0,0,0,0,0,0,1,1,1,1,1,1,0,0,0,0,1,1,0,1,1,0,-1,-1,-1,1,0,0,1,1,1,0,NA,NA,NA,NA,NA,NA,NA,NA,NA
5852,5,43204,1219,2,2,0.116,0,2001Q2,0.116,0,0,0,0,0,0,0,0,0,0,-1,-1,0,0,0,0,0,0,0,0,1,1,1,1,1,1,0,0,0,0,0,0,0,-1,1,-1,-1,-1,-1,0,-1,0,0,0,0,-1,NA,NA,NA,NA,NA,NA,NA,NA,NA
5868,5,43214,1219,2,2,0.116,,2001Q2,,0,1,NA,NA,0,1,0,1,NA,NA,0,0,0,0,-1,-1,0,0,0,0,1,1,1,1,1,1,1,1,NA,NA,0,0,-1,1,1,-1,0,-1,-1,0,1,1,0,1,0,0,NA,NA,NA,NA,NA,NA,NA,NA,NA
5908,5,43291,1149,3,4,0.77,0.77,2001Q2,0.77,-1,1,1,0,-1,1,-1,1,1,0,0,0,-1,1,-1,0,-1,0,0,0,0,0,0,0,1,0,0,0,0,0,0,0,0,1,-1,0,-1,-1,0,0,1,0,0,1,0,0,NA,NA,NA,NA,NA,NA,NA,NA,NA
5910,5,82482,1013,3,3,1.3,,2001Q2,,-1,NA,NA,NA,0,NA,NA,NA,NA,NA,NA,NA,0,NA,0,NA,0,NA,0,NA,1,NA,1,NA,1,NA,1,NA,NA,NA,0,0,0,-1,1,1,0,1,1,1,1,1,NA,NA,0,0,NA,NA,NA,NA,NA,NA,NA,NA,NA
5913,5,93766,1170,4,4,1.729,0,2001Q2,1.729,0,0,0,0,0,0,0,0,0,1,0,0,0,0,0,0,0,0,0,0,0,-1,0,1,1,1,0,0,0,0,1,1,0,1,1,-1,-1,-1,0,0,1,0,0,0,0,0,NA,NA,NA,NA,NA,NA,NA,NA,NA
5933,5,93789,1209,5,4,2.38,0,2001Q2,2.38,0,0,0,1,0,1,0,0,1,0,0,0,0,1,0,0,0,0,0,0,0,0,0,0,0,0,0,0,0,0,0,0,0,1,-1,0,-1,-1,-1,0,1,0,-1,0,-1,0,NA,NA,NA,NA,NA,NA,NA,NA,NA
5952,5,93817,1109,4,3,0.627,-0.627,2001Q2,0.627,-1,-1,-1,-1,-1,-1,-1,-1,-1,-1,-1,-1,-1,-1,-1,-1,-1,-1,-1,-1,-1,-1,-1,-1,1,-1,-1,-1,-1,-1,0,0,-1,1,1,-1,-1,-1,1,0,0,1,-1,-1,-1,-1,NA,NA,NA,NA,NA,NA,NA,NA,NA
5975,5,93826,1120,7,3,0.434,0,2001Q2,0.434,0,0,0,0,0,0,0,0,0,0,0,0,0,0,0,0,0,0,0,0,0,0,0,0,0,0,0,0,0,0,1,1,0,1,-1,0,0,0,1,0,1,0,0,0,0,0,NA,NA,NA,NA,NA,NA,NA,NA,NA
5979,5,93827,1019,7,4,8.06,0,2001Q2,8.06,0,0,0,0,NA,NA,NA,NA,NA,NA,NA,NA,0,0,-1,0,0,0,0,0,1,1,1,1,1,1,1,1,1,1,0,NA,NA,-1,1,-1,-1,-1,0,-1,-1,-1,NA,NA,1,0,NA,NA,NA,NA,NA,NA,NA,NA,NA
5984,5,93831,1010,4,4,2.47,,2001Q2,,1,1,NA,NA,1,1,1,1,NA,NA,1,1,0,0,1,0,1,0,1,0,1,1,0,0,1,1,1,0,NA,NA,0,-1,0,-1,1,1,0,-1,-1,-1,-1,-1,1,NA,0,0,NA,NA,NA,NA,NA,NA,NA,NA,NA
5986,5,93843,1080,2,2,0.156,,2001Q2,,-1,-1,NA,NA,NA,NA,-1,-1,NA,NA,NA,NA,-1,-1,-1,-1,-1,-1,0,0,1,1,1,1,1,1,1,1,NA,NA,0,0,0,1,-1,0,0,0,0,1,1,1,0,-1,-1,-1,NA,NA,NA,NA,NA,NA,NA,NA,NA
5998,5,93867,1109,3,2,0.33,0,2001Q2,0.33,1,0,0,0,0,0,1,0,0,0,0,0,1,0,-1,-1,0,0,0,0,0,0,0,0,1,1,0,0,-1,-1,1,1,0,1,-1,0,-1,-1,1,0,0,1,0,0,0,0,NA,NA,NA,NA,NA,NA,NA,NA,NA
6017,5,93888,1201,5,4,2.38,0,2001Q2,2.38,0,0,0,0,NA,0,0,0,0,0,1,0,0,0,0,0,1,0,0,0,0,0,0,0,0,0,0,0,0,0,0,0,0,1,1,1,0,0,0,1,1,0,1,1,0,0,NA,NA,NA,NA,NA,NA,NA,NA,NA
6025,5,93931,1159,2,1,0.224,,2001Q2,,0,0,NA,NA,0,0,0,0,NA,NA,0,0,-1,0,0,0,-1,0,0,0,1,0,1,0,1,0,0,0,NA,NA,0,0,0,1,1,0,0,0,1,0,1,0,0,NA,0,-1,NA,NA,NA,NA,NA,NA,NA,NA,NA
6034,5,93942,1040,8,4,5.922,5.922,2001Q2,5.922,1,1,1,1,1,1,0,0,NA,NA,0,0,0,1,0,0,0,0,-1,0,1,1,0,1,1,1,0,1,0,0,1,1,-1,-1,1,0,-1,-1,0,0,0,0,0,1,0,0,NA,NA,NA,NA,NA,NA,NA,NA,NA
6046,5,93958,1191,4,4,0.95,0,2001Q2,0.95,1,0,0,1,1,1,0,1,0,1,0,0,0,1,0,0,0,0,1,0,1,0,1,1,1,0,1,0,0,0,1,0,0,1,-1,-1,-1,-1,0,0,0,0,0,1,0,0,NA,NA,NA,NA,NA,NA,NA,NA,NA
6059,5,94028,1060,8,4,9.118,,2001Q2,,0,1,NA,NA,0,1,0,1,0,NA,0,0,0,1,0,0,0,1,0,0,1,1,1,1,1,1,1,1,NA,NA,0,0,-1,1,-1,0,0,-1,-1,1,1,0,0,NA,0,0,NA,NA,NA,NA,NA,NA,NA,NA,NA
6075,5,94050,1179,1,1,0.091,,2001Q2,,-1,-1,NA,NA,-1,-1,-1,-1,NA,NA,0,0,-1,-1,0,0,0,0,0,1,1,1,0,1,1,1,0,0,NA,NA,0,0,-1,1,-1,0,0,-1,1,1,1,1,0,NA,1,-1,NA,NA,NA,NA,NA,NA,NA,NA,NA
6137,5,94350,1049,4,4,1.197,0,2001Q2,1.197,0,0,0,0,0,0,0,0,NA,-1,0,0,-1,-1,0,0,0,0,0,0,1,1,1,1,1,1,0,0,0,0,0,0,0,-1,-1,0,0,0,1,1,0,1,1,-1,0,-1,NA,NA,NA,NA,NA,NA,NA,NA,NA
6544,6,33233,1179,5,4,3.094,3.094,2001Q2,3.094,1,1,1,1,1,1,1,1,1,1,0,0,0,0,-1,-1,0,0,0,0,-1,-1,-1,-1,-1,-1,0,0,0,0,1,1,0,1,-1,1,0,-1,-1,-1,0,0,0,1,0,0,NA,NA,NA,NA,NA,NA,NA,NA,NA
6560,6,33263,1110,3,3,0.35,0,2001Q2,0.35,1,0,0,0,1,0,1,0,0,0,NA,NA,0,0,0,0,0,0,0,0,0,0,0,0,1,0,0,0,0,0,0,0,0,1,1,0,0,-1,-1,0,0,0,0,0,0,0,NA,NA,NA,NA,NA,NA,NA,NA,NA
6582,6,33264,1160,7,4,4.278,4.278,2001Q2,4.278,0,1,1,1,1,1,0,0,1,1,0,0,1,1,-1,-1,0,0,1,0,0,-1,0,-1,0,1,0,1,0,0,0,1,-1,1,1,0,-1,-1,0,-1,-1,-1,0,1,0,0,NA,NA,NA,NA,NA,NA,NA,NA,NA
6624,6,33269,1182,2,2,0.24,0.24,2001Q2,0.24,1,-1,1,0,1,-1,1,-1,1,-1,0,0,1,-1,0,0,1,-1,0,0,1,1,1,1,0,0,-1,-1,1,0,0,0,-1,1,-1,-1,-1,-1,-1,0,1,1,1,1,1,0,NA,NA,NA,NA,NA,NA,NA,NA,NA
6639,6,33272,1013,3,3,1.3,1.3,2001Q2,1.3,0,0,1,1,0,0,0,0,1,1,0,0,0,0,0,0,0,0,0,0,1,1,1,1,1,1,1,1,1,1,0,-1,0,-1,-1,0,-1,-1,1,0,1,1,0,1,0,0,NA,NA,NA,NA,NA,NA,NA,NA,NA
6640,6,33273,1179,3,3,0.91,-0.91,2001Q2,0.91,0,1,-1,1,0,1,0,1,-1,1,-1,0,0,0,0,0,0,0,-1,-1,1,1,1,1,1,1,0,0,0,0,0,0,0,1,-1,-1,-1,-1,0,-1,1,1,0,0,-1,-1,NA,NA,NA,NA,NA,NA,NA,NA,NA
6649,6,33274,1149,5,4,2.618,0,2001Q2,2.618,-1,-1,0,1,-1,-1,-1,-1,0,1,-1,-1,-1,-1,-1,-1,0,0,-1,-1,1,1,0,1,1,1,0,0,1,1,1,1,-1,1,-1,0,-1,-1,1,0,1,0,-1,0,-1,-1,NA,NA,NA,NA,NA,NA,NA,NA,NA
6676,6,33282,1170,8,4,8.554,-8.554,2001Q2,8.554,0,-1,-1,-1,-1,-1,0,-1,-1,-1,0,0,-1,-1,-1,1,1,1,0,0,0,0,-1,-1,1,1,-1,1,-1,1,0,1,0,1,-1,1,0,-1,-1,1,1,1,1,0,-1,-1,NA,NA,NA,NA,NA,NA,NA,NA,NA
6680,6,33288,1179,4,4,1.729,-1.729,2001Q2,1.729,0,-1,-1,-1,0,0,-1,0,-1,0,0,0,-1,0,0,0,-1,0,1,1,1,1,1,1,0,1,-1,-1,-1,-1,-1,0,1,1,-1,0,-1,-1,1,1,1,1,1,-1,-1,-1,NA,NA,NA,NA,NA,NA,NA,NA,NA
6684,6,33294,1060,4,4,1.843,1.843,2001Q2,1.843,1,0,1,0,1,0,1,0,1,0,0,-1,1,0,0,0,0,0,0,0,1,0,1,0,0,1,1,0,0,0,1,1,0,1,-1,-1,-1,-1,-1,0,0,-1,0,1,0,1,NA,NA,NA,NA,NA,NA,NA,NA,NA
6700,6,33306,1161,3,4,0.69,-0.69,2001Q2,0.69,0,0,-1,-1,0,0,0,0,-1,-1,-1,-1,-1,-1,0,0,0,0,-1,-1,1,1,1,1,1,1,0,1,0,0,0,0,-1,-1,-1,-1,-1,-1,-1,1,-1,1,0,-1,-1,-1,NA,NA,NA,NA,NA,NA,NA,NA,NA
6708,6,33309,1181,4,4,1.14,0,2001Q2,1.14,1,1,0,0,1,1,1,1,0,0,0,0,1,1,0,0,0,0,0,0,-1,-1,-1,-1,1,1,1,1,0,0,0,0,1,1,-1,-1,-1,-1,1,-1,1,1,1,0,0,1,NA,NA,NA,NA,NA,NA,NA,NA,NA
6718,6,33310,1149,1,2,0.077,0,2001Q2,0.077,0,0,0,0,1,0,0,0,0,0,0,0,0,0,1,1,1,1,1,1,1,1,1,1,1,1,1,1,0,0,1,1,0,1,-1,0,-1,-1,1,0,1,1,1,0,0,0,NA,NA,NA,NA,NA,NA,NA,NA,NA
6721,6,33314,1179,4,4,1.729,0,2001Q2,1.729,0,1,0,0,0,1,0,1,0,0,0,0,0,1,-1,-1,-1,-1,1,1,1,1,1,1,1,1,1,1,0,0,0,0,0,1,-1,-1,-1,-1,-1,-1,1,0,-1,1,1,1,NA,NA,NA,NA,NA,NA,NA,NA,NA
6729,6,33316,1209,3,3,0.7,,2001Q2,,-1,-1,NA,NA,-1,-1,-1,-1,NA,NA,0,0,-1,-1,-1,-1,-1,-1,0,0,1,1,1,1,1,1,1,1,NA,NA,0,0,-1,1,-1,-1,-1,-1,-1,NA,1,0,1,-1,-1,-1,NA,NA,NA,NA,NA,NA,NA,NA,NA
6762,6,33320,1200,3,3,0.7,0,2001Q2,0.7,1,1,0,0,1,1,1,1,0,0,1,1,1,1,1,1,1,1,0,0,-1,0,-1,-1,1,1,1,1,0,0,0,-1,1,-1,1,0,0,-1,0,-1,0,0,1,0,0,1,NA,NA,NA,NA,NA,NA,NA,NA,NA
6767,6,33324,1201,7,4,4.34,-4.34,2001Q2,4.34,-1,-1,-1,-1,-1,-1,-1,-1,-1,-1,0,0,-1,-1,-1,-1,-1,-1,-1,-1,1,0,1,0,1,0,0,0,0,0,0,1,-1,1,-1,-1,-1,-1,-1,-1,1,0,0,1,0,0,NA,NA,NA,NA,NA,NA,NA,NA,NA
6779,6,33329,1170,4,4,1.729,1.729,2001Q2,1.729,0,0,1,1,1,1,0,0,1,1,0,0,0,0,1,1,1,1,1,1,0,0,0,0,0,0,0,0,0,0,0,0,0,-1,1,0,0,-1,-1,0,0,0,0,1,1,0,NA,NA,NA,NA,NA,NA,NA,NA,NA
6780,6,33331,1013,6,4,6.24,6.24,2001Q2,6.24,1,1,1,1,1,1,1,1,1,1,0,0,0,0,0,0,0,0,0,1,0,1,1,0,0,0,-1,-1,0,0,0,0,0,1,-1,0,0,-1,-1,-1,-1,0,0,1,1,0,NA,NA,NA,NA,NA,NA,NA,NA,NA
6792,6,33333,1153,8,4,5.264,5.264,2001Q2,5.264,1,1,1,1,1,1,1,1,1,1,0,0,1,1,-1,-1,1,1,0,0,1,1,0,0,1,1,1,1,0,0,0,0,-1,1,1,0,-1,-1,-1,0,0,-1,1,1,1,1,NA,NA,NA,NA,NA,NA,NA,NA,NA
6817,6,33336,1179,4,4,1.729,0,2001Q2,1.729,0,0,0,0,0,0,0,0,0,0,0,0,0,0,-1,-1,0,0,0,0,1,NA,1,1,1,1,1,1,1,1,NA,NA,NA,NA,NA,NA,NA,NA,NA,NA,NA,NA,NA,NA,NA,NA,NA,NA,NA,NA,NA,NA,NA,NA,NA
6830,6,33342,1090,9,4,8.58,-8.58,2001Q2,8.58,-1,0,-1,-1,1,1,-1,-1,-1,-1,0,0,-1,-1,0,0,0,0,-1,-1,-1,-1,0,0,1,1,1,1,-1,-1,0,1,0,1,-1,1,0,-1,0,-1,0,0,0,-1,-1,0,NA,NA,NA,NA,NA,NA,NA,NA,NA
6834,6,33344,1170,1,1,0.091,,2001Q2,,1,-1,NA,NA,1,-1,1,-1,NA,NA,-1,-1,0,-1,0,-1,1,-1,0,-1,1,1,0,1,0,1,-1,0,NA,NA,NA,NA,NA,NA,NA,NA,NA,NA,NA,NA,NA,NA,NA,NA,NA,NA,NA,NA,NA,NA,NA,NA,NA,NA,NA
6860,6,33351,1149,4,4,1.463,-1.463,2001Q2,1.463,0,0,-1,-1,0,0,-1,-1,-1,-1,-1,-1,-1,-1,-1,-1,0,0,-1,-1,1,1,1,1,1,1,1,1,0,0,0,1,0,1,-1,NA,NA,NA,NA,NA,1,0,-1,-1,-1,-1,NA,NA,NA,NA,NA,NA,NA,NA,NA
6865,6,33372,1159,3,2,0.56,0,2001Q2,0.56,0,1,0,0,0,1,0,1,0,0,0,0,0,0,0,0,0,0,0,1,0,1,0,1,0,1,0,0,0,0,0,-1,0,-1,-1,1,0,-1,-1,0,0,1,1,0,0,-1,NA,NA,NA,NA,NA,NA,NA,NA,NA
6896,6,33380,1170,3,3,0.91,-0.91,2001Q2,0.91,1,-1,-1,-1,1,-1,1,-1,-1,-1,-1,0,0,-1,-1,-1,0,0,0,0,0,1,0,1,1,1,0,1,-1,-1,0,1,-1,1,-1,-1,-1,-1,1,0,1,0,0,1,1,0,NA,NA,NA,NA,NA,NA,NA,NA,NA
6921,6,33391,1219,3,3,0.29,,2001Q2,,1,0,NA,NA,1,0,1,0,NA,NA,0,0,0,0,-1,-1,0,0,0,0,1,0,0,1,1,0,1,1,NA,NA,0,0,0,1,-1,-1,-1,-1,-1,-1,1,0,NA,NA,0,1,NA,NA,NA,NA,NA,NA,NA,NA,NA
6938,6,33393,1179,7,4,5.642,5.642,2001Q2,5.642,1,1,1,1,1,1,1,1,1,1,-1,-1,1,1,1,1,1,1,0,0,0,0,0,0,1,1,0,0,0,0,-1,0,0,1,1,0,0,-1,0,0,-1,0,0,0,0,0,NA,NA,NA,NA,NA,NA,NA,NA,NA
6949,6,33394,1149,5,4,2.618,2.618,2001Q2,2.618,-1,0,1,0,-1,-1,0,0,1,1,0,0,-1,0,0,0,0,0,0,0,1,1,1,1,1,1,0,0,0,0,0,0,0,-1,-1,0,0,0,0,-1,1,1,0,1,-1,0,NA,NA,NA,NA,NA,NA,NA,NA,NA
6962,6,33411,1170,2,2,0.364,0,2001Q2,0.364,1,1,0,0,1,1,1,1,0,0,1,1,1,1,1,1,1,1,0,0,1,0,-1,0,-1,0,0,0,0,0,0,0,0,1,1,1,0,-1,0,0,-1,0,1,0,0,1,NA,NA,NA,NA,NA,NA,NA,NA,NA
7005,6,33420,1200,5,4,2.38,2.38,2001Q2,2.38,1,1,1,1,1,1,1,1,1,1,0,0,1,0,1,1,1,1,1,0,1,1,1,1,1,1,1,1,1,1,1,0,0,-1,NA,0,-1,-1,0,0,-1,0,1,1,0,0,NA,NA,NA,NA,NA,NA,NA,NA,NA
7013,6,33424,1019,3,3,1.3,1.3,2001Q2,1.3,-1,-1,1,0,0,-1,-1,-1,1,0,0,0,-1,-1,0,0,0,0,0,0,1,0,1,1,1,1,0,1,1,1,0,0,0,1,-1,-1,-1,-1,-1,-1,1,-1,-1,1,-1,-1,NA,NA,NA,NA,NA,NA,NA,NA,NA
7100,6,33436,1161,4,4,1.311,0,2001Q2,1.311,0,1,0,0,1,1,0,1,0,0,-1,-1,0,0,0,0,0,0,1,0,0,0,0,1,1,0,0,1,0,1,0,0,-1,1,-1,0,0,-1,-1,1,0,0,0,0,0,0,NA,NA,NA,NA,NA,NA,NA,NA,NA
7141,6,33443,1110,4,4,0.665,,2001Q2,,1,1,NA,NA,1,1,1,1,NA,NA,0,0,1,1,0,0,1,1,0,0,1,1,0,0,1,1,1,1,NA,NA,0,0,0,1,1,1,-1,-1,NA,-1,0,0,0,0,0,0,NA,NA,NA,NA,NA,NA,NA,NA,NA
7143,6,33444,1109,4,3,0.627,-0.627,2001Q2,0.627,-1,0,-1,0,-1,0,-1,0,-1,0,0,0,-1,0,-1,-1,-1,-1,1,0,1,1,1,1,1,1,0,0,0,0,0,0,0,1,-1,0,-1,-1,-1,0,0,0,0,0,0,-1,NA,NA,NA,NA,NA,NA,NA,NA,NA
7163,6,33455,1013,2,2,0.52,-0.52,2001Q2,0.52,-1,-1,-1,-1,0,0,-1,-1,-1,-1,0,0,-1,-1,-1,-1,-1,-1,0,0,1,1,1,1,1,1,0,0,0,0,0,1,1,1,-1,0,-1,-1,0,0,1,1,1,0,-1,-1,NA,NA,NA,NA,NA,NA,NA,NA,NA
7175,6,33456,1170,2,2,0.364,,2001Q2,,1,1,NA,NA,1,1,1,1,NA,NA,NA,NA,1,1,0,1,1,0,0,0,0,1,1,1,0,1,0,1,NA,NA,0,0,1,-1,1,-1,-1,-1,-1,0,-1,-1,0,1,1,1,NA,NA,NA,NA,NA,NA,NA,NA,NA
7222,6,33481,1199,3,3,0.5,0.5,2001Q2,0.5,0,0,1,1,0,0,0,0,1,1,-1,-1,0,0,0,0,0,0,0,0,1,1,1,1,1,1,1,1,1,1,0,0,0,NA,1,0,1,1,1,0,1,0,0,0,0,0,NA,NA,NA,NA,NA,NA,NA,NA,NA
7233,6,33487,1181,3,3,0.6,0,2001Q2,0.6,0,0,0,0,0,0,0,1,0,0,0,0,0,0,0,0,0,0,0,0,0,1,0,1,0,1,0,1,0,1,0,0,0,1,1,-1,-1,-1,-1,0,0,0,0,1,0,0,NA,NA,NA,NA,NA,NA,NA,NA,NA
7236,6,33502,1130,3,3,0.14,-0.14,2001Q2,0.14,-1,1,-1,1,1,1,-1,1,-1,1,0,0,-1,1,0,-1,0,-1,0,0,0,1,0,1,0,1,0,0,0,0,1,1,1,-1,-1,-1,-1,-1,-1,1,-1,1,-1,1,-1,-1,NA,NA,NA,NA,NA,NA,NA,NA,NA
7237,6,33504,1181,3,3,0.6,-0.6,2001Q2,0.6,-1,-1,-1,-1,-1,-1,-1,-1,-1,-1,-1,-1,-1,-1,0,-1,0,-1,0,0,1,1,1,1,1,1,1,1,1,1,NA,NA,NA,NA,NA,NA,NA,NA,NA,NA,NA,NA,NA,NA,NA,NA,NA,NA,NA,NA,NA,NA,NA,NA,NA
7242,6,33505,1181,3,3,0.6,0.6,2001Q2,0.6,1,0,1,0,1,0,1,-1,1,0,-1,-1,1,1,0,0,1,0,0,0,1,0,0,0,1,1,1,1,1,1,1,0,-1,1,1,1,-1,-1,-1,-1,-1,0,0,1,1,1,NA,NA,NA,NA,NA,NA,NA,NA,NA
7255,6,33507,1170,7,4,5.642,0,2001Q2,5.642,1,0,0,0,1,NA,1,0,0,1,1,1,1,0,1,0,1,0,1,1,1,0,1,0,1,0,1,0,1,0,0,0,0,1,-1,0,0,-1,0,0,1,1,0,0,1,0,NA,NA,NA,NA,NA,NA,NA,NA,NA
7282,6,33519,1159,5,4,1.904,1.904,2001Q2,1.904,-1,-1,1,1,0,0,-1,-1,1,1,0,0,-1,-1,-1,-1,-1,-1,-1,-1,1,1,1,1,1,1,1,1,-1,-1,0,0,0,1,-1,0,-1,-1,1,1,1,1,0,0,-1,0,NA,NA,NA,NA,NA,NA,NA,NA,NA
7294,6,33529,1080,6,4,1.872,0,2001Q2,1.872,0,0,0,0,1,-1,0,0,0,0,-1,-1,-1,-1,0,0,0,0,0,0,1,1,1,1,1,1,1,0,-1,0,1,1,-1,1,-1,1,1,-1,-1,1,1,1,0,0,0,-1,NA,NA,NA,NA,NA,NA,NA,NA,NA
7299,6,33530,1019,3,3,1.3,1.3,2001Q2,1.3,1,1,1,1,1,1,1,1,1,1,0,0,0,0,0,0,0,0,-1,-1,1,1,1,1,1,1,1,1,1,1,0,0,0,-1,1,-1,-1,-1,0,0,0,0,0,1,1,0,NA,NA,NA,NA,NA,NA,NA,NA,NA
7656,6,35022,1181,6,4,2.88,0,2001Q2,2.88,1,1,0,0,1,1,1,1,0,0,1,1,1,1,0,0,1,1,0,0,0,0,0,0,0,0,0,0,0,0,0,0,0,1,1,0,0,0,-1,-1,-1,0,0,0,0,0,NA,NA,NA,NA,NA,NA,NA,NA,NA
7668,6,35023,1159,5,4,1.904,,2001Q2,,1,1,NA,NA,1,1,1,1,NA,NA,0,0,1,1,0,0,1,1,0,0,0,0,0,0,0,0,0,1,NA,NA,0,0,0,1,-1,-1,-1,-1,0,0,1,1,NA,NA,NA,0,NA,NA,NA,NA,NA,NA,NA,NA,NA
7669,6,35025,1090,1,1,0.03,0,2001Q2,0.03,0,0,0,0,0,0,0,-1,0,0,-1,-1,0,0,-1,0,0,0,0,0,1,1,1,1,1,1,1,0,0,0,1,1,-1,1,1,-1,-1,1,1,-1,1,1,-1,0,0,-1,NA,NA,NA,NA,NA,NA,NA,NA,NA
10467,6,40056,1011,5,4,4.42,,2001Q2,,1,0,NA,NA,-1,-1,1,0,NA,NA,0,0,-1,-1,0,0,0,0,1,-1,1,1,1,1,1,1,0,0,NA,NA,-1,0,0,1,-1,0,1,-1,1,-1,1,0,1,0,-1,-1,NA,NA,NA,NA,NA,NA,NA,NA,NA
10505,6,40201,1013,1,1,0.13,,2001Q2,,0,-1,NA,NA,0,-1,0,-1,NA,NA,NA,NA,-1,-1,0,0,0,0,0,0,1,0,1,0,1,0,0,0,NA,NA,NA,NA,NA,NA,NA,NA,NA,NA,NA,NA,NA,NA,NA,NA,NA,NA,NA,NA,NA,NA,NA,NA,NA,NA,NA
10544,6,40323,1019,1,1,0.13,0.13,2001Q2,0.13,1,1,1,1,1,1,1,1,1,1,-1,-1,0,0,0,0,-1,0,-1,-1,1,1,1,1,1,1,1,1,1,1,0,0,0,1,-1,-1,-1,-1,0,1,-1,1,1,0,-1,-1,NA,NA,NA,NA,NA,NA,NA,NA,NA
10583,6,40601,1191,9,4,14.3,0,2001Q2,14.3,0,0,0,0,0,0,0,0,1,0,1,0,0,0,0,0,-1,0,0,0,1,1,1,1,1,1,0,0,0,0,0,1,0,1,-1,0,-1,-1,-1,0,1,0,1,0,0,0,NA,NA,NA,NA,NA,NA,NA,NA,NA
10615,6,40707,1060,8,4,9.118,,2001Q2,,-1,-1,NA,NA,-1,-1,-1,-1,NA,NA,0,0,-1,-1,-1,-1,0,0,0,0,-1,-1,-1,-1,0,0,-1,-1,NA,NA,1,1,0,1,-1,0,-1,-1,-1,1,1,0,1,1,0,0,NA,NA,NA,NA,NA,NA,NA,NA,NA
10647,6,41052,1090,1,1,0.03,,2001Q2,,-1,0,NA,NA,0,0,0,0,NA,NA,-1,-1,-1,-1,0,0,0,0,0,0,1,1,1,1,1,1,0,0,NA,NA,0,0,-1,1,-1,-1,-1,-1,0,1,1,NA,0,NA,-1,0,NA,NA,NA,NA,NA,NA,NA,NA,NA
10665,6,41062,1090,2,2,0.12,,2001Q2,,1,0,NA,NA,1,0,-1,0,NA,NA,NA,NA,-1,0,0,0,0,0,1,0,1,1,0,1,1,1,0,1,NA,NA,0,0,0,-1,-1,-1,-1,-1,0,0,-1,0,0,0,-1,0,NA,NA,NA,NA,NA,NA,NA,NA,NA
10678,6,41073,1090,4,4,0.57,0,2001Q2,0.57,1,1,0,0,1,1,1,1,0,0,0,0,0,0,-1,0,0,0,0,0,-1,-1,-1,-1,-1,-1,-1,-1,-1,-1,0,0,0,-1,1,0,-1,-1,-1,0,-1,0,1,1,0,0,NA,NA,NA,NA,NA,NA,NA,NA,NA
10711,6,41178,1090,4,4,0.57,0.57,2001Q2,0.57,1,1,1,1,1,1,1,1,1,1,1,1,1,1,0,0,1,1,0,0,1,0,1,0,1,0,1,0,1,0,0,0,-1,1,-1,0,-1,-1,-1,-1,0,0,-1,1,0,0,NA,NA,NA,NA,NA,NA,NA,NA,NA
10719,6,41191,1109,4,3,0.627,0,2001Q2,0.627,-1,0,0,0,-1,0,-1,0,0,0,0,0,-1,0,-1,-1,0,0,0,0,1,1,0,0,1,1,0,0,1,1,1,0,0,-1,-1,0,-1,-1,0,0,1,-1,0,0,0,0,NA,NA,NA,NA,NA,NA,NA,NA,NA
10797,6,41265,1110,6,4,1.68,,2001Q2,,-1,-1,NA,NA,-1,-1,-1,-1,NA,NA,NA,NA,-1,-1,-1,-1,0,0,0,0,1,1,1,1,1,1,1,1,NA,NA,0,0,-1,1,-1,-1,-1,-1,-1,-1,0,-1,NA,NA,NA,-1,NA,NA,NA,NA,NA,NA,NA,NA,NA
10810,6,41277,1110,4,4,0.665,0,2001Q2,0.665,0,0,0,0,-1,0,0,0,-1,0,0,0,-1,0,-1,-1,-1,-1,0,1,1,0,1,0,0,0,0,0,0,0,0,0,0,1,-1,-1,-1,-1,-1,-1,1,0,0,0,-1,-1,NA,NA,NA,NA,NA,NA,NA,NA,NA
10812,6,41387,1110,2,2,0.14,,2001Q2,,0,0,NA,NA,0,0,0,0,NA,NA,-1,-1,-1,-1,-1,-1,-1,-1,-1,-1,1,1,1,1,1,1,1,1,NA,NA,0,0,-1,1,-1,1,1,0,0,1,1,1,NA,NA,-1,-1,NA,NA,NA,NA,NA,NA,NA,NA,NA
10858,6,41523,1120,3,3,0.07,-0.07,2001Q2,0.07,0,0,-1,0,0,0,0,0,0,0,0,0,0,1,0,0,0,0,0,0,0,1,0,1,0,1,0,0,0,1,0,0,-1,1,-1,-1,-1,-1,0,0,0,0,0,0,-1,0,NA,NA,NA,NA,NA,NA,NA,NA,NA
10892,6,41684,1149,1,2,0.077,0,2001Q2,0.077,1,1,0,0,1,1,1,1,0,0,-1,-1,-1,-1,0,0,0,0,0,0,1,1,1,1,0,0,0,0,0,0,0,1,-1,1,-1,1,0,-1,0,0,0,1,-1,-1,-1,-1,NA,NA,NA,NA,NA,NA,NA,NA,NA
10903,6,41701,1149,1,2,0.077,0,2001Q2,0.077,-1,1,0,0,-1,1,-1,1,0,1,0,0,-1,1,0,0,-1,-1,-1,-1,1,1,0,0,1,1,1,1,1,1,0,0,0,1,-1,-1,-1,-1,-1,1,1,0,1,1,0,1,NA,NA,NA,NA,NA,NA,NA,NA,NA
10912,6,41744,1149,3,4,0.77,-0.77,2001Q2,0.77,-1,-1,-1,-1,-1,-1,-1,-1,-1,-1,0,0,-1,-1,0,0,0,0,0,0,1,1,1,1,1,1,1,1,1,1,0,0,0,1,-1,0,-1,-1,-1,-1,1,0,0,-1,-1,-1,NA,NA,NA,NA,NA,NA,NA,NA,NA
10952,6,41777,1149,5,4,2.618,0,2001Q2,2.618,1,1,0,0,1,1,1,1,0,0,0,0,1,1,0,0,0,0,0,0,0,0,0,0,0,0,0,0,0,0,0,0,0,1,1,1,0,-1,1,0,1,0,1,1,0,0,NA,NA,NA,NA,NA,NA,NA,NA,NA
10963,6,41794,1149,7,4,4.774,4.774,2001Q2,4.774,1,NA,1,NA,1,NA,1,NA,1,NA,1,NA,-1,NA,0,NA,1,NA,1,NA,1,NA,1,NA,1,NA,1,NA,1,NA,1,1,0,1,-1,-1,-1,-1,1,0,1,0,0,-1,1,0,NA,NA,NA,NA,NA,NA,NA,NA,NA
10985,6,41831,1149,1,2,0.077,0,2001Q2,0.077,0,0,0,0,0,0,0,0,0,0,0,0,0,0,0,0,-1,-1,0,0,1,1,1,1,1,1,0,0,0,0,0,0,0,-1,1,0,0,0,0,0,-1,1,0,0,0,0,NA,NA,NA,NA,NA,NA,NA,NA,NA
11017,6,41889,1149,8,4,7.238,7.238,2001Q2,7.238,0,0,1,1,0,0,0,0,1,1,-1,-1,0,0,-1,-1,-1,-1,-1,-1,1,1,0,0,1,1,1,1,0,0,0,0,-1,1,1,0,0,-1,1,0,1,0,1,1,0,0,NA,NA,NA,NA,NA,NA,NA,NA,NA
11019,6,41891,1159,4,3,1.064,,2001Q2,,0,0,NA,NA,0,0,0,0,NA,NA,0,0,0,0,0,0,0,0,0,0,1,1,1,1,1,1,1,1,NA,NA,0,0,0,1,1,0,-1,-1,0,0,0,0,NA,NA,0,0,NA,NA,NA,NA,NA,NA,NA,NA,NA
11036,6,41921,1159,1,1,0.056,0,2001Q2,0.056,0,0,0,0,0,0,0,0,0,0,0,0,0,0,0,0,0,0,0,0,0,0,0,0,-1,-1,-1,-1,-1,-1,0,0,-1,1,-1,0,-1,-1,0,0,0,1,0,0,-1,-1,NA,NA,NA,NA,NA,NA,NA,NA,NA
11070,6,42088,1159,4,3,1.064,-1.064,2001Q2,1.064,0,0,-1,-1,-1,0,0,0,-1,-1,0,0,0,0,0,0,-1,0,0,0,1,0,1,0,1,0,1,0,1,0,0,0,0,1,-1,-1,-1,-1,-1,0,0,0,0,-1,0,0,NA,NA,NA,NA,NA,NA,NA,NA,NA
11087,6,42133,1159,2,1,0.224,0,2001Q2,0.224,0,0,0,0,0,0,-1,0,-1,0,0,0,-1,-1,0,0,0,0,0,0,1,1,0,0,1,1,0,0,0,0,0,0,0,1,-1,-1,-1,-1,0,0,1,1,0,0,0,0,NA,NA,NA,NA,NA,NA,NA,NA,NA
11103,6,42140,1159,8,4,5.264,5.264,2001Q2,5.264,0,1,1,0,1,1,0,1,1,0,0,0,0,0,-1,-1,0,0,0,0,1,0,-1,-1,1,1,1,1,1,1,0,0,0,1,-1,0,0,-1,1,1,0,0,0,0,1,0,NA,NA,NA,NA,NA,NA,NA,NA,NA
11146,6,42176,1160,9,4,19.734,-19.734,2001Q2,19.734,1,1,-1,-1,-1,-1,1,1,-1,-1,0,0,1,1,-1,-1,0,0,-1,-1,-1,-1,-1,-1,0,0,1,1,0,0,0,0,0,-1,-1,-1,-1,-1,-1,1,0,0,0,0,0,1,NA,NA,NA,NA,NA,NA,NA,NA,NA
11161,6,42225,1161,7,4,4.278,-4.278,2001Q2,4.278,0,-1,-1,-1,0,-1,0,-1,-1,-1,0,0,0,-1,-1,-1,0,0,0,0,0,1,1,0,1,0,0,0,1,0,0,-1,0,1,1,1,0,-1,0,0,0,-1,0,-1,0,0,NA,NA,NA,NA,NA,NA,NA,NA,NA
11162,6,42231,1161,3,4,0.69,,2001Q2,,0,-1,NA,NA,0,-1,0,-1,NA,NA,NA,NA,0,0,0,0,0,0,0,-1,1,1,1,1,1,1,0,0,NA,NA,0,0,0,-1,-1,0,0,-1,0,-1,0,-1,NA,NA,0,-1,NA,NA,NA,NA,NA,NA,NA,NA,NA
11172,6,42240,1161,3,4,0.69,-0.69,2001Q2,0.69,-1,1,-1,0,-1,1,-1,1,-1,0,-1,0,-1,1,-1,-1,0,0,0,0,1,1,1,1,1,1,1,1,1,1,1,0,-1,1,-1,-1,-1,-1,0,-1,1,1,0,0,-1,1,NA,NA,NA,NA,NA,NA,NA,NA,NA
11194,6,42294,1179,1,1,0.091,0,2001Q2,0.091,-1,NA,0,NA,-1,NA,-1,NA,-1,NA,-1,NA,-1,NA,0,NA,0,NA,0,NA,1,NA,1,NA,1,NA,1,NA,1,NA,0,0,0,1,-1,0,0,-1,0,0,1,1,0,0,-1,0,NA,NA,NA,NA,NA,NA,NA,NA,NA
11201,6,42390,1161,4,4,1.311,-1.311,2001Q2,1.311,-1,NA,-1,NA,-1,NA,-1,NA,-1,NA,-1,NA,-1,NA,0,NA,0,NA,-1,NA,1,NA,1,NA,1,NA,1,NA,0,NA,0,1,-1,1,-1,1,0,-1,0,0,1,1,1,0,0,-1,NA,NA,NA,NA,NA,NA,NA,NA,NA
11206,6,42393,1181,7,4,3.72,3.72,2001Q2,3.72,1,1,1,1,1,1,1,1,1,1,0,0,0,0,-1,0,0,0,1,0,1,1,0,1,0,1,0,1,0,0,0,1,0,1,1,-1,-1,-1,0,0,0,0,1,0,0,0,NA,NA,NA,NA,NA,NA,NA,NA,NA
11222,6,42416,1179,4,4,1.729,0,2001Q2,1.729,-1,1,0,1,-1,0,-1,1,-1,1,0,0,0,0,0,1,0,1,0,0,1,1,1,1,1,1,-1,-1,0,0,0,0,0,-1,-1,0,-1,-1,0,1,1,0,0,0,-1,-1,NA,NA,NA,NA,NA,NA,NA,NA,NA
11233,6,42508,1190,3,3,0.5,-0.5,2001Q2,0.5,-1,1,-1,1,-1,1,-1,1,-1,1,-1,1,0,0,0,0,-1,1,0,0,0,1,1,0,0,1,0,0,0,0,1,1,0,1,-1,0,0,0,0,0,1,0,0,1,0,0,NA,NA,NA,NA,NA,NA,NA,NA,NA
11246,6,42527,1179,3,3,0.91,0.91,2001Q2,0.91,-1,-1,1,1,1,1,-1,-1,1,1,1,1,0,0,-1,-1,-1,-1,0,0,1,1,0,1,0,1,0,0,0,0,-1,-1,0,1,-1,-1,-1,-1,0,0,0,1,0,0,0,0,NA,NA,NA,NA,NA,NA,NA,NA,NA
11261,6,42594,1179,4,4,1.729,1.729,2001Q2,1.729,1,1,1,1,1,1,1,1,0,1,0,0,1,1,0,0,0,0,0,0,1,1,0,0,1,1,1,1,0,0,1,1,0,1,1,-1,-1,-1,-1,1,1,1,0,1,0,1,NA,NA,NA,NA,NA,NA,NA,NA,NA
11263,6,42628,1181,2,2,0.24,-0.24,2001Q2,0.24,-1,-1,-1,-1,-1,-1,-1,-1,NA,NA,-1,-1,-1,-1,-1,-1,-1,-1,0,0,0,0,0,0,0,0,0,0,NA,NA,0,NA,-1,1,-1,-1,-1,-1,-1,0,1,0,0,0,0,0,NA,NA,NA,NA,NA,NA,NA,NA,NA
11281,6,42632,1181,2,2,0.24,0,2001Q2,0.24,0,1,0,0,0,0,-1,1,NA,NA,NA,NA,0,0,0,0,0,0,-1,0,1,1,1,1,1,1,1,1,1,1,0,0,0,1,-1,0,0,-1,0,1,0,0,0,0,0,0,NA,NA,NA,NA,NA,NA,NA,NA,NA
11308,6,42675,1181,2,2,0.24,0.24,2001Q2,0.24,1,0,1,1,1,0,-1,0,-1,0,-1,-1,-1,-1,1,0,1,1,0,0,1,1,1,1,1,1,1,0,1,0,1,1,1,1,-1,0,-1,-1,0,0,1,0,-1,-1,0,0,NA,NA,NA,NA,NA,NA,NA,NA,NA
11381,6,42762,1190,7,4,3.1,-3.1,2001Q2,3.1,-1,1,-1,1,-1,1,-1,1,-1,1,-1,1,0,0,0,0,0,1,0,0,0,0,0,0,0,0,0,0,0,0,0,0,0,1,-1,-1,-1,-1,-1,0,1,1,1,1,0,0,NA,NA,NA,NA,NA,NA,NA,NA,NA
11385,6,42769,1199,9,4,14.3,0,2001Q2,14.3,0,0,0,0,0,0,0,0,0,1,-1,0,-1,-1,0,0,0,0,-1,-1,0,0,0,0,1,1,0,1,0,1,1,0,0,1,-1,1,0,-1,0,0,1,1,0,1,0,0,NA,NA,NA,NA,NA,NA,NA,NA,NA
11411,6,42782,1190,5,4,1.7,-1.7,2001Q2,1.7,0,1,-1,0,0,1,0,1,0,0,0,0,0,1,0,0,0,1,0,0,0,0,0,0,0,0,0,0,0,0,-1,0,1,1,1,1,-1,-1,-1,0,0,0,0,0,0,0,NA,NA,NA,NA,NA,NA,NA,NA,NA
11414,6,43002,1201,8,4,6.58,-6.58,2001Q2,6.58,1,0,-1,0,1,0,0,0,-1,0,0,0,1,0,0,0,1,0,0,0,1,1,1,1,1,1,1,0,1,0,0,0,1,-1,1,1,-1,-1,-1,-1,0,-1,0,0,0,0,NA,NA,NA,NA,NA,NA,NA,NA,NA
11419,6,43010,1200,9,4,20.02,0,2001Q2,20.02,0,1,0,0,0,0,0,0,0,0,0,-1,1,1,-1,-1,0,0,-1,-1,0,1,0,1,1,1,1,1,0,0,1,1,-1,1,1,1,1,0,1,-1,0,0,0,0,-1,-1,NA,NA,NA,NA,NA,NA,NA,NA,NA
11437,6,43077,1219,5,4,0.986,0,2001Q2,0.986,0,0,0,0,0,0,0,0,0,0,0,0,-1,0,-1,0,0,0,0,0,1,1,0,1,1,1,0,1,0,1,0,0,0,1,-1,1,0,-1,0,-1,1,1,0,0,0,0,NA,NA,NA,NA,NA,NA,NA,NA,NA
11473,6,43080,1219,4,3,0.551,0,2001Q2,0.551,1,0,0,1,NA,NA,0,1,-1,1,-1,-1,0,0,0,0,-1,-1,0,0,1,1,0,1,1,1,-1,0,-1,-1,0,0,-1,-1,1,1,1,1,1,1,1,0,-1,1,1,0,NA,NA,NA,NA,NA,NA,NA,NA,NA
11505,6,43151,1219,1,1,0.029,-0.029,2001Q2,0.029,0,0,-1,-1,0,0,0,0,-1,-1,-1,-1,-1,-1,-1,-1,-1,-1,0,0,1,1,0,0,1,1,1,1,1,1,0,0,-1,1,-1,-1,-1,-1,-1,0,1,1,0,0,0,0,NA,NA,NA,NA,NA,NA,NA,NA,NA
11555,6,43182,1219,2,2,0.116,,2001Q2,,-1,-1,NA,NA,-1,-1,-1,-1,NA,NA,-1,-1,-1,-1,0,-1,-1,-1,-1,-1,1,1,0,1,1,1,-1,0,NA,NA,0,1,-1,1,-1,0,1,-1,-1,1,1,1,0,0,-1,-1,NA,NA,NA,NA,NA,NA,NA,NA,NA
11571,6,43266,1219,2,2,0.116,-0.116,2001Q2,0.116,-1,0,-1,-1,-1,0,-1,0,-1,0,-1,0,-1,0,-1,0,-1,0,0,0,1,1,0,1,1,0,-1,NA,-1,NA,0,0,-1,1,-1,1,1,-1,0,0,1,1,0,1,1,0,NA,NA,NA,NA,NA,NA,NA,NA,NA
11623,6,93761,1090,6,4,1.44,0,2001Q2,1.44,1,1,0,1,1,1,0,1,0,1,0,0,0,1,0,0,0,0,0,0,1,1,1,1,1,1,0,0,1,1,1,0,0,1,-1,0,-1,-1,0,-1,0,-1,0,1,0,1,NA,NA,NA,NA,NA,NA,NA,NA,NA
11636,6,93781,1160,7,4,4.278,0,2001Q2,4.278,-1,1,0,0,0,1,-1,1,0,1,-1,1,-1,1,0,0,0,0,1,0,0,1,0,1,1,1,0,0,0,0,0,1,-1,1,-1,0,0,-1,1,0,1,0,0,1,1,1,NA,NA,NA,NA,NA,NA,NA,NA,NA
11654,6,93783,1153,2,1,0.224,-0.224,2001Q2,0.224,-1,0,-1,0,-1,0,-1,0,-1,1,0,0,NA,NA,-1,0,0,0,0,0,1,1,0,0,1,1,0,0,0,0,-1,0,0,1,-1,-1,-1,-1,-1,0,1,1,0,1,0,0,NA,NA,NA,NA,NA,NA,NA,NA,NA
11673,6,93810,1201,2,2,0.28,0,2001Q2,0.28,1,1,0,0,1,1,1,1,0,0,1,0,1,0,1,0,0,1,0,0,1,1,1,1,1,1,0,0,0,0,1,0,-1,-1,1,0,0,-1,-1,0,-1,1,1,0,1,1,NA,NA,NA,NA,NA,NA,NA,NA,NA
11704,6,93816,1179,3,3,0.91,0,2001Q2,0.91,0,1,0,0,0,0,0,0,0,0,0,0,0,0,0,0,0,0,0,0,1,1,1,1,1,1,1,1,1,1,0,0,0,1,1,0,-1,-1,0,0,0,0,0,0,0,0,NA,NA,NA,NA,NA,NA,NA,NA,NA
11745,6,93821,1019,5,4,4.42,4.42,2001Q2,4.42,0,0,1,1,1,1,0,0,1,1,0,0,-1,-1,-1,-1,0,0,0,0,1,1,1,1,0,0,1,1,1,1,0,0,0,1,-1,0,0,-1,-1,1,1,0,0,1,0,0,NA,NA,NA,NA,NA,NA,NA,NA,NA
11747,6,93871,1181,3,3,0.6,-0.6,2001Q2,0.6,0,0,-1,0,0,0,0,1,-1,-1,0,1,-1,1,0,-1,0,-1,0,0,1,0,1,0,1,0,0,0,0,0,0,0,0,1,-1,0,-1,-1,0,1,1,1,0,0,-1,0,NA,NA,NA,NA,NA,NA,NA,NA,NA
11756,6,93896,1153,6,4,2.688,0,2001Q2,2.688,-1,-1,0,0,-1,-1,-1,-1,0,0,-1,-1,-1,-1,-1,-1,-1,-1,0,0,1,1,0,0,1,1,-1,-1,0,0,1,0,0,1,-1,1,0,-1,-1,-1,1,-1,0,-1,0,0,NA,NA,NA,NA,NA,NA,NA,NA,NA
11770,6,93902,1080,3,2,0.39,0,2001Q2,0.39,0,0,0,0,0,0,0,0,0,0,0,0,0,0,0,0,0,0,0,0,-1,-1,-1,-1,1,1,1,1,1,1,0,0,1,-1,1,1,0,-1,-1,0,0,0,-1,1,0,0,NA,NA,NA,NA,NA,NA,NA,NA,NA
11779,6,93904,1179,4,4,1.729,-1.729,2001Q2,1.729,1,1,-1,-1,-1,-1,1,1,-1,-1,0,0,0,0,0,0,-1,-1,0,0,1,1,1,1,1,1,1,1,1,1,0,0,0,1,1,0,-1,-1,-1,-1,0,-1,1,0,0,0,NA,NA,NA,NA,NA,NA,NA,NA,NA
11790,6,93908,1182,4,4,1.14,1.14,2001Q2,1.14,1,0,1,-1,1,0,1,1,1,-1,1,0,0,0,-1,-1,-1,-1,0,0,1,1,1,1,1,0,1,0,1,0,-1,-1,1,1,-1,0,0,-1,1,1,1,1,1,0,-1,1,NA,NA,NA,NA,NA,NA,NA,NA,NA
11801,6,93911,1140,4,4,1.463,1.463,2001Q2,1.463,-1,-1,1,1,-1,-1,-1,-1,1,1,-1,-1,-1,-1,-1,-1,-1,-1,-1,-1,1,1,1,1,1,0,-1,-1,0,0,0,1,-1,1,-1,1,-1,-1,-1,1,1,1,-1,1,-1,-1,NA,NA,NA,NA,NA,NA,NA,NA,NA
11802,6,93912,1181,2,2,0.24,0,2001Q2,0.24,0,1,0,0,-1,0,0,1,0,0,0,0,-1,0,0,0,-1,0,0,0,1,0,1,0,0,1,0,1,0,0,0,1,0,1,-1,1,0,-1,0,0,1,1,0,0,0,0,NA,NA,NA,NA,NA,NA,NA,NA,NA
11804,6,93921,1200,4,4,1.33,-1.33,2001Q2,1.33,0,0,-1,0,0,0,0,0,-1,-1,0,0,0,0,-1,-1,-1,-1,-1,-1,0,0,1,1,1,1,1,1,1,1,0,-1,0,1,1,0,-1,-1,0,-1,0,0,1,0,-1,0,NA,NA,NA,NA,NA,NA,NA,NA,NA
11814,6,93925,1201,4,4,1.33,1.33,2001Q2,1.33,1,-1,1,0,1,0,1,-1,1,0,0,0,1,0,1,-1,1,-1,0,1,-1,0,-1,0,1,1,1,1,1,0,1,0,0,1,1,1,0,-1,0,1,0,0,0,1,1,0,NA,NA,NA,NA,NA,NA,NA,NA,NA
11850,6,93971,1130,2,2,0.056,-0.056,2001Q2,0.056,0,1,-1,-1,0,1,0,1,-1,-1,0,0,0,1,-1,-1,0,0,0,0,1,1,1,1,1,1,0,0,0,0,0,1,0,1,1,-1,-1,-1,-1,0,0,0,-1,0,0,0,NA,NA,NA,NA,NA,NA,NA,NA,NA
11865,6,93978,1110,5,4,1.19,0,2001Q2,1.19,-1,-1,0,-1,-1,-1,-1,-1,0,0,0,0,-1,-1,-1,-1,-1,-1,0,0,0,0,0,0,0,0,0,0,0,0,0,0,0,1,-1,-1,-1,-1,-1,0,1,0,0,0,-1,-1,NA,NA,NA,NA,NA,NA,NA,NA,NA
11887,6,94066,1160,8,4,6.486,0,2001Q2,6.486,-1,0,0,1,-1,0,-1,0,0,1,0,0,-1,0,0,0,0,0,0,0,0,0,0,0,0,0,0,0,0,0,0,0,-1,1,-1,0,0,-1,0,0,1,-1,0,1,0,0,NA,NA,NA,NA,NA,NA,NA,NA,NA
11910,6,94345,1159,4,3,1.064,1.064,2001Q2,1.064,1,1,1,1,1,1,1,1,1,1,1,1,1,1,1,1,1,1,1,1,0,0,0,0,0,0,0,0,0,0,0,0,0,1,1,0,0,-1,-1,0,0,0,0,0,-1,0,NA,NA,NA,NA,NA,NA,NA,NA,NA
11911,6,94349,1199,2,2,0.2,-0.2,2001Q2,0.2,-1,1,-1,1,-1,1,-1,1,-1,1,0,-1,-1,1,-1,0,0,1,0,0,1,1,1,1,1,1,0,0,0,0,1,0,0,1,-1,0,-1,-1,0,0,0,1,0,1,0,1,NA,NA,NA,NA,NA,NA,NA,NA,NA
11934,6,94650,1201,3,3,0.7,-0.7,2001Q2,0.7,-1,-1,-1,-1,-1,-1,-1,-1,-1,-1,0,-1,-1,-1,0,-1,-1,0,0,0,1,1,1,1,0,1,0,1,-1,-1,0,1,-1,1,-1,-1,-1,-1,1,1,1,1,1,0,-1,0,NA,NA,NA,NA,NA,NA,NA,NA,NA
11983,6,94942,1170,9,4,26.026,0,2001Q2,26.026,1,1,0,0,0,0,1,1,0,0,-1,-1,0,0,0,0,0,0,0,0,-1,-1,-1,-1,0,0,1,1,0,0,0,1,0,1,-1,0,-1,-1,-1,-1,0,0,0,1,0,0,NA,NA,NA,NA,NA,NA,NA,NA,NA
11989,6,94946,1153,1,1,0.056,-0.056,2001Q2,0.056,-1,-1,-1,0,-1,-1,-1,-1,-1,0,0,0,-1,-1,0,0,-1,-1,0,0,1,0,0,1,1,0,1,0,0,0,0,1,-1,1,-1,0,-1,-1,0,0,1,0,0,1,0,0,NA,NA,NA,NA,NA,NA,NA,NA,NA
12060,7,40247,1019,9,4,37.18,-37.18,2001Q2,37.18,-1,-1,-1,-1,-1,-1,-1,-1,-1,-1,-1,-1,0,0,0,0,-1,-1,0,0,1,1,1,1,1,1,1,1,1,1,0,0,-1,1,1,1,1,-1,1,1,1,1,1,0,0,0,NA,NA,NA,NA,NA,NA,NA,NA,NA
12061,7,40322,1019,5,4,4.42,4.42,2001Q2,4.42,1,1,1,1,1,1,1,1,1,1,0,0,0,0,0,0,0,0,1,1,1,1,1,1,1,1,1,1,-1,-1,0,0,0,-1,-1,-1,-1,-1,-1,0,0,1,-1,1,1,0,NA,NA,NA,NA,NA,NA,NA,NA,NA
12063,7,41098,1090,3,3,0.3,,2001Q2,,-1,1,NA,NA,-1,1,-1,1,NA,NA,-1,0,-1,1,0,0,0,0,NA,NA,1,1,1,1,1,1,1,1,NA,NA,0,0,-1,1,-1,0,0,-1,-1,0,1,1,-1,1,-1,0,NA,NA,NA,NA,NA,NA,NA,NA,NA
12074,7,42750,1190,8,4,4.7,4.7,2001Q2,4.7,0,0,1,1,1,1,0,0,0,0,1,-1,1,1,1,1,1,1,1,1,0,0,1,1,1,1,0,0,1,1,0,1,-1,-1,1,0,0,-1,1,0,0,1,1,0,0,0,NA,NA,NA,NA,NA,NA,NA,NA,NA
12084,7,43201,1219,7,4,1.798,0,2001Q2,1.798,-1,NA,0,NA,-1,1,-1,1,0,0,0,0,0,0,-1,-1,0,0,0,0,1,1,1,0,1,1,1,0,0,0,0,0,0,1,-1,0,0,0,0,1,0,-1,0,0,0,0,NA,NA,NA,NA,NA,NA,NA,NA,NA
12094,7,93872,1181,5,4,2.04,0,2001Q2,2.04,1,1,0,0,0,1,1,1,0,0,0,0,0,1,-1,-1,-1,-1,-1,-1,1,1,1,1,1,1,1,1,0,1,0,1,0,1,-1,0,-1,-1,-1,NA,NA,NA,0,-1,0,1,NA,NA,NA,NA,NA,NA,NA,NA,NA
12108,7,93895,1090,8,4,2.82,0,2001Q2,2.82,0,0,0,0,0,0,0,0,0,0,-1,-1,-1,-1,-1,-1,-1,-1,-1,1,-1,0,-1,0,1,1,1,1,1,1,1,0,-1,1,-1,-1,-1,-1,-1,1,1,0,0,1,0,0,NA,NA,NA,NA,NA,NA,NA,NA,NA
12115,7,93930,1159,4,3,1.064,1.064,2001Q2,1.064,1,0,1,0,0,0,1,0,1,0,0,0,0,0,0,0,0,0,0,0,0,0,1,1,1,1,1,1,1,1,0,0,0,1,-1,-1,-1,-1,-1,-1,0,1,0,0,0,0,NA,NA,NA,NA,NA,NA,NA,NA,NA
12119,7,94041,1090,3,3,0.3,,2001Q2,,-1,-1,NA,-1,-1,-1,-1,-1,NA,NA,-1,-1,-1,-1,-1,0,0,0,-1,-1,1,0,1,0,1,1,0,0,NA,NA,0,0,-1,1,-1,-1,0,-1,-1,1,1,1,0,0,-1,-1,NA,NA,NA,NA,NA,NA,NA,NA,NA
12121,7,94655,1149,2,2,0.308,0,2001Q2,0.308,0,0,0,0,0,0,-1,0,1,0,0,0,0,0,0,0,0,0,0,0,1,1,1,1,1,1,1,1,1,1,0,1,0,1,1,-1,-1,-1,-1,-1,0,-1,0,0,0,0,NA,NA,NA,NA,NA,NA,NA,NA,NA
12218,8,40920,1080,8,4,3.666,-3.666,2001Q2,3.666,0,0,-1,0,0,0,0,1,-1,0,0,0,0,0,0,0,-1,-1,0,1,0,1,0,1,0,1,1,1,-1,0,0,1,0,1,-1,1,0,-1,-1,0,1,0,-1,0,0,0,NA,NA,NA,NA,NA,NA,NA,NA,NA
12225,8,41828,1149,3,4,0.77,-0.77,2001Q2,0.77,-1,0,-1,1,-1,0,-1,1,-1,1,-1,-1,-1,-1,-1,0,-1,-1,-1,-1,1,1,1,1,1,1,1,1,1,1,0,1,0,1,-1,-1,0,-1,1,0,1,0,-1,0,-1,0,NA,NA,NA,NA,NA,NA,NA,NA,NA
12246,8,93991,1161,4,4,1.311,0,2001Q2,1.311,-1,-1,0,0,-1,-1,-1,-1,0,0,-1,-1,-1,-1,0,0,-1,-1,0,0,0,1,0,1,0,1,0,0,1,0,0,NA,0,1,NA,1,0,-1,0,0,1,0,0,1,0,0,NA,NA,NA,NA,NA,NA,NA,NA,NA
12279,9,41023,1090,1,1,0.03,0,2001Q2,0.03,-1,-1,0,0,-1,-1,-1,-1,0,0,0,0,-1,-1,-1,-1,0,0,0,0,1,0,1,0,1,0,1,0,0,0,0,0,-1,1,-1,1,1,1,-1,-1,1,1,0,0,-1,-1,NA,NA,NA,NA,NA,NA,NA,NA,NA
12287,9,94805,1130,2,2,0.056,,2001Q2,,-1,1,NA,NA,-1,1,-1,1,NA,NA,-1,-1,-1,1,-1,0,-1,0,-1,-1,1,0,1,0,1,0,1,0,NA,NA,-1,0,-1,1,-1,-1,-1,-1,-1,0,1,1,NA,NA,-1,0,NA,NA,NA,NA,NA,NA,NA,NA,NA
14275,1,33317,1040,3,3,0.63,-0.63,2001Q2,0.63,-1,-1,-1,-1,-1,-1,-1,-1,-1,0,-1,-1,-1,-1,0,-1,0,0,0,0,1,0,1,0,1,1,1,1,1,1,0,-1,0,1,-1,-1,-1,-1,0,0,1,1,0,0,0,0,NA,NA,NA,NA,NA,NA,NA,NA,NA
14628,1,33214,1120,3,3,0.07,0,2001Q2,0.07,1,1,0,0,1,1,1,1,0,0,0,0,1,1,1,1,0,0,1,1,0,0,0,0,1,0,0,0,0,0,1,0,-1,1,1,0,-1,-1,0,-1,0,1,1,0,-1,0,NA,NA,NA,NA,NA,NA,NA,NA,NA
14673,1,40720,1060,9,4,27.742,,2001Q2,,0,0,NA,NA,0,0,0,0,NA,NA,0,0,-1,-1,0,0,-1,0,0,0,1,1,1,1,1,1,0,0,NA,NA,0,0,-1,-1,1,-1,-1,-1,0,0,-1,0,1,NA,0,-1,NA,NA,NA,NA,NA,NA,NA,NA,NA
14683,1,41030,1090,2,2,0.12,0,2001Q2,0.12,1,0,0,-1,1,0,1,0,-1,-1,1,1,0,0,0,0,1,1,-1,0,0,1,0,1,1,1,1,0,0,1,0,-1,-1,-1,-1,-1,-1,-1,-1,0,-1,-1,1,-1,-1,0,NA,NA,NA,NA,NA,NA,NA,NA,NA
14722,1,41635,1140,5,4,2.618,,2001Q2,,-1,-1,NA,NA,-1,-1,-1,-1,NA,NA,0,0,-1,-1,-1,0,0,0,-1,-1,1,1,1,1,1,1,1,1,NA,NA,0,0,0,1,-1,-1,-1,-1,-1,0,0,1,0,NA,-1,-1,NA,NA,NA,NA,NA,NA,NA,NA,NA
14774,1,42553,1179,1,2,0.091,0.091,2001Q2,0.091,1,1,1,1,1,1,1,1,1,1,0,0,0,0,0,0,0,0,0,0,1,1,1,1,1,1,0,0,0,0,0,0,0,1,-1,1,0,-1,0,1,1,1,0,1,0,0,NA,NA,NA,NA,NA,NA,NA,NA,NA
14808,1,42629,1181,3,3,0.6,0.6,2001Q2,0.6,0,0,1,1,1,1,0,1,1,1,1,1,0,0,0,0,1,1,0,0,-1,-1,-1,-1,0,0,0,0,0,0,0,-1,1,-1,1,0,0,-1,-1,0,-1,0,0,1,0,0,NA,NA,NA,NA,NA,NA,NA,NA,NA
14859,1,43213,1219,2,2,0.116,0,2001Q2,0.116,0,1,0,1,0,1,1,1,1,1,1,1,1,1,0,1,0,0,0,0,1,1,1,1,1,1,0,0,0,1,0,-1,1,-1,1,0,-1,-1,-1,-1,-1,-1,1,1,1,1,NA,NA,NA,NA,NA,NA,NA,NA,NA
14879,1,93420,1020,2,3,0.104,0.104,2001Q2,0.104,0,0,1,1,0,1,0,0,1,1,0,0,0,0,0,0,0,0,1,1,1,1,1,1,1,1,1,1,0,0,0,-1,0,1,1,-1,-1,-1,0,1,-1,1,1,1,1,0,NA,NA,NA,NA,NA,NA,NA,NA,NA
14941,2,33322,1019,3,3,1.3,0,2001Q2,1.3,1,1,0,0,1,1,0,1,0,0,-1,-1,0,0,0,0,0,1,1,-1,1,0,1,0,1,0,1,0,0,0,0,0,0,1,1,-1,-1,-1,-1,0,0,0,0,0,0,1,NA,NA,NA,NA,NA,NA,NA,NA,NA
15001,2,33415,1049,4,2,1.197,-1.197,2001Q2,1.197,-1,-1,-1,-1,-1,-1,-1,-1,-1,-1,-1,-1,-1,NA,0,0,0,0,0,0,1,1,0,1,0,1,0,1,0,1,0,1,1,1,-1,-1,-1,-1,0,0,1,1,-1,-1,0,-1,NA,NA,NA,NA,NA,NA,NA,NA,NA
15079,2,41572,1130,1,2,0.014,,2001Q2,,-1,-1,NA,NA,-1,-1,-1,-1,NA,NA,0,0,-1,-1,0,0,0,0,0,0,0,0,0,0,0,0,0,0,NA,NA,0,1,NA,1,-1,0,0,0,-1,0,1,0,0,NA,0,-1,NA,NA,NA,NA,NA,NA,NA,NA,NA
15115,2,41892,1159,3,4,0.56,,2001Q2,,-1,-1,NA,NA,0,0,-1,-1,NA,NA,-1,-1,-1,-1,0,0,0,0,0,0,1,1,1,1,1,1,0,1,NA,NA,0,1,-1,-1,-1,-1,-1,-1,-1,0,0,1,NA,NA,0,0,NA,NA,NA,NA,NA,NA,NA,NA,NA
15221,5,33289,1060,3,2,0.97,-0.97,2001Q2,0.97,-1,0,-1,-1,-1,0,-1,-1,-1,-1,NA,NA,-1,-1,-1,-1,-1,-1,-1,-1,1,0,1,0,1,0,1,1,1,1,0,1,-1,1,NA,0,0,-1,1,0,NA,0,0,0,-1,0,NA,NA,NA,NA,NA,NA,NA,NA,NA
15243,5,33304,1070,5,3,0.884,-0.884,2001Q2,0.884,-1,1,-1,0,-1,1,-1,1,-1,0,-1,NA,-1,1,0,0,0,0,0,0,1,0,0,1,1,1,0,1,0,0,0,NA,-1,1,-1,-1,-1,-1,-1,-1,1,0,1,0,0,-1,NA,NA,NA,NA,NA,NA,NA,NA,NA
15631,5,40023,1010,9,4,37.18,-37.18,2001Q2,37.18,1,1,-1,-1,1,1,1,1,-1,-1,-1,-1,1,1,-1,0,0,0,0,0,-1,0,-1,0,1,0,1,0,1,0,0,0,-1,1,1,0,0,1,1,-1,1,0,-1,-1,0,0,NA,NA,NA,NA,NA,NA,NA,NA,NA
15656,5,40499,1049,3,1,0.63,0.63,2001Q2,0.63,1,1,1,1,1,1,1,1,1,1,0,0,1,1,1,1,1,1,0,0,1,1,1,1,1,1,1,1,1,1,0,0,0,-1,1,-1,-1,-1,-1,0,-1,0,0,0,0,1,NA,NA,NA,NA,NA,NA,NA,NA,NA
15733,5,93956,1109,8,4,3.102,-3.102,2001Q2,3.102,-1,0,-1,0,0,0,-1,0,-1,0,-1,0,-1,0,0,0,0,0,0,0,1,-1,1,-1,0,0,0,0,0,0,0,1,0,-1,1,1,0,0,1,0,1,0,1,0,1,1,NA,NA,NA,NA,NA,NA,NA,NA,NA
15868,6,33249,1209,2,4,0.28,,2001Q2,,1,1,NA,NA,1,1,1,0,NA,NA,NA,NA,-1,-1,1,0,0,0,0,-1,1,1,1,1,1,1,1,1,NA,NA,NA,NA,NA,NA,NA,NA,NA,NA,NA,NA,NA,NA,NA,NA,NA,NA,NA,NA,NA,NA,NA,NA,NA,NA,NA
15916,6,33252,1199,3,3,0.5,-0.5,2001Q2,0.5,0,-1,-1,0,1,0,0,-1,-1,0,0,0,0,-1,0,-1,0,0,0,0,1,1,1,1,1,1,1,1,1,0,0,0,1,-1,-1,0,0,-1,0,-1,-1,1,0,1,-1,-1,NA,NA,NA,NA,NA,NA,NA,NA,NA
15957,6,33374,1159,5,4,1.904,0,2001Q2,1.904,1,0,0,1,1,1,1,0,0,1,-1,0,1,0,0,0,0,0,0,1,0,0,0,1,1,1,1,0,0,0,0,-1,1,-1,1,0,0,-1,-1,1,0,0,1,1,1,1,NA,NA,NA,NA,NA,NA,NA,NA,NA
16084,6,33905,1219,6,4,1.392,0,2001Q2,1.392,1,1,0,1,1,1,1,1,1,1,0,0,1,1,0,0,0,-1,0,1,0,1,0,1,0,1,0,1,0,0,0,1,0,-1,1,0,0,-1,-1,-1,-1,0,0,1,1,1,NA,NA,NA,NA,NA,NA,NA,NA,NA
16956,6,40439,1020,9,4,7.436,7.436,2001Q2,7.436,-1,-1,1,1,-1,-1,-1,-1,1,1,-1,-1,0,0,-1,-1,-1,-1,-1,-1,0,0,-1,-1,1,1,0,0,0,0,0,0,1,1,-1,-1,-1,-1,-1,1,1,0,1,1,-1,-1,NA,NA,NA,NA,NA,NA,NA,NA,NA
17024,6,41297,1109,2,2,0.132,,2001Q2,,0,0,NA,NA,0,0,0,0,NA,NA,0,0,-1,0,0,0,0,0,0,0,NA,1,NA,1,NA,1,0,0,NA,NA,0,0,0,1,-1,NA,NA,NA,NA,0,1,1,NA,NA,0,-1,NA,NA,NA,NA,NA,NA,NA,NA,NA
17053,6,41592,1130,3,2,0.14,,2001Q2,,1,1,NA,NA,NA,NA,1,1,NA,NA,1,1,1,1,0,0,0,0,0,0,0,0,1,1,1,1,1,1,NA,NA,-1,-1,0,1,1,-1,-1,-1,1,0,-1,0,1,NA,0,0,NA,NA,NA,NA,NA,NA,NA,NA,NA
17067,6,41594,1130,2,3,0.056,,2001Q2,,0,0,NA,NA,0,0,0,0,NA,NA,0,0,-1,-1,0,0,0,0,0,0,1,1,1,1,1,1,1,1,NA,NA,0,0,0,1,-1,1,0,-1,-1,-1,0,NA,0,NA,-1,-1,NA,NA,NA,NA,NA,NA,NA,NA,NA
17135,6,42702,1179,2,2,0.364,,2001Q2,,-1,1,NA,NA,0,0,-1,0,NA,NA,-1,-1,-1,-1,0,0,0,0,0,0,1,0,1,0,1,1,-1,-1,NA,NA,0,0,0,1,-1,1,-1,-1,-1,0,1,0,1,-1,-1,-1,NA,NA,NA,NA,NA,NA,NA,NA,NA
17166,6,43146,1219,1,1,0.029,,2001Q2,,0,0,NA,NA,0,0,0,0,NA,NA,0,0,0,0,0,0,0,0,-1,-1,1,0,0,0,1,0,1,0,NA,NA,0,0,0,-1,1,-1,-1,-1,0,0,0,0,NA,NA,-1,0,NA,NA,NA,NA,NA,NA,NA,NA,NA
17207,6,93796,1201,4,4,1.33,1.33,2001Q2,1.33,0,1,1,1,-1,1,0,0,1,1,0,0,0,0,0,0,0,0,1,0,0,1,0,1,1,1,0,0,0,0,1,1,0,1,-1,1,0,-1,1,0,1,0,1,1,0,0,NA,NA,NA,NA,NA,NA,NA,NA,NA
17228,6,93844,1181,2,4,0.24,,2001Q2,,-1,-1,NA,NA,-1,-1,-1,-1,NA,NA,-1,-1,-1,-1,0,-1,0,0,0,1,0,1,0,1,0,0,-1,-1,NA,NA,0,0,-1,1,-1,-1,-1,-1,-1,0,NA,0,NA,NA,1,-1,NA,NA,NA,NA,NA,NA,NA,NA,NA
17290,6,93985,1159,3,4,0.56,,2001Q2,,1,1,NA,NA,1,1,1,1,NA,NA,1,1,1,1,-1,-1,0,0,NA,NA,1,1,1,1,1,1,1,1,NA,NA,0,1,1,-1,1,-1,-1,-1,-1,0,1,1,NA,NA,1,1,NA,NA,NA,NA,NA,NA,NA,NA,NA
17322,6,94022,1149,4,4,1.463,-1.463,2001Q2,1.463,0,0,-1,-1,0,0,0,0,-1,-1,0,0,0,0,0,0,0,0,0,0,1,1,1,1,1,1,0,0,0,0,0,0,0,1,-1,1,0,-1,0,0,0,1,-1,0,0,0,NA,NA,NA,NA,NA,NA,NA,NA,NA
17481,9,40149,1013,1,1,0.13,-0.13,2001Q2,0.13,-1,-1,-1,-1,-1,-1,-1,-1,-1,-1,0,0,-1,-1,-1,-1,-1,-1,-1,-1,1,1,1,1,1,1,0,0,-1,0,1,1,-1,-1,-1,-1,0,0,0,-1,1,1,-1,-1,-1,-1,NA,NA,NA,NA,NA,NA,NA,NA,NA
17495,9,41225,1110,1,1,0.035,#VALUE!,2001Q2,,0,0,NA,NA,0,0,1,1,NA,NA,NA,NA,0,0,0,0,0,NA,NA,NA,0,0,0,0,0,0,0,0,0,0,0,0,0,1,1,-1,-1,-1,-1,0,0,0,NA,NA,0,0,NA,NA,NA,NA,NA,NA,NA,NA,NA
,,,,,,,,,,,,,,,,,,,,,,,,,,,,,,,,,,,,,,,,,,,,,,,,,,,,,,,,,,,,,,,,
,,,,,,806.118,#VALUE!,0.027395493,687.767,,0.000373994,243,,,,,,,,,,,,,,,,,,,,,,,,,,,,,,,,,,,,,,,,,,,,,,,,,,,,
,,,,,,,,0.0321097,,,0.000282238,322,,,,,,,,,,,,,,,,,,,,,,,,,,,,,,,,,,,,,,,,,,,,,,,,,,,,
,,,,,,2.50347205,0.090880658,,,,,,,,,,,,,,,,,,,,,,,,,,,,,,,,,,,,,,,,,,,,,,,,,,,,,,,,,
,,,,,,0.010302354,73.26053462,,,,,-0.012345679,,,,,,,,,,,,,,,,,,,,,,,,,,,,,,,,,,,,,,,,,,,,,,,,,,,,
,,,,,,0.000032,0.036301847,,,,,,,,,,,,,,,,,,,,,,,,,,,,,,,,,,,,,,,,,,,,,,,,,,,,,,,,,
