"";"region";"id";"sector";"weight";"turnover";"factor";"surveyQ";"Q1A";"Q1P";"Q2A";"Q2P";"Q3A";"Q3P";"Q4A";"Q4P";"Q5A";"Q5P";"Q6A";"Q6P";"Q7A";"Q7P";"Q8A";"Q8P";"Q9A";"Q9P";"Q10A";"Q10P";"Q11A";"Q11P";"Q12A";"Q12P";"Q13A";"Q13P";"Q14A";"Q14P";"Q15A";"Q15P";"Q16";"Q17";"Q18";"Q19";"Q20";"Q21";"Q22";"Q23";"Q24";"Q25";"Q26";"Q27";"Q28";"Q29";"Q30";"Q31";"Q32";"Q33";"Q34";"Q35";"Q36";"Q37";"Q38";"Q39";"Q40"
"1";"6";"35149";"1090";4;4;0,569999993;"2014Q4";1;0;0;0;1;0;1;0;0;0;1;1;1;1;0;1;0;1;0;0;1;1;1;1;1;1;1;1;0;1;-1;-1;1;1;1;1;0;-1;1;0;0;1;-1;0;0;1;NA;NA;NA;NA;NA;NA;NA;NA;NA
"2";"6";"43154";"1219";2;2;0,115999997;"2014Q4";0;0;0;0;0;0;0;0;0;0;0;0;-1;0;-1;0;-1;0;-1;-1;0;0;0;0;0;0;0;0;0;0;-1;0;0;1;-1;-1;-1;-1;0;-1;-1;-1;-1;0;-1;0;NA;NA;NA;NA;NA;NA;NA;NA;NA
"3";"1";"33290";"1110";5;4;1,190000057;"2014Q4";1;0;0;0;1;0;1;0;0;0;0;0;1;0;-1;-1;1;0;0;0;1;1;1;1;1;1;1;1;1;1;0;0;-1;1;-1;-1;-1;-1;-1;-1;1;0;1;0;0;0;NA;NA;NA;NA;NA;NA;NA;NA;NA
"4";"1";"13191";"1010";6;4;6,239999771;"2014Q4";0;-1;0;0;0;-1;0;0;0;0;0;1;0;-1;0;0;0;0;0;0;-1;-1;-1;-1;-1;-1;1;0;1;0;-1;-1;0;1;-1;0;0;-1;0;0;-1;0;0;0;-1;-1;NA;NA;NA;NA;NA;NA;NA;NA;NA
"5";"1";"11125";"1080";5;3;1,325999975;"2014Q4";0;0;-1;-1;0;0;1;1;-1;-1;1;1;0;0;1;0;0;0;1;1;1;1;1;1;1;1;1;1;1;1;-1;-1;1;1;1;-1;0;0;1;-1;-1;0;NA;0;1;0;NA;NA;NA;NA;NA;NA;NA;NA;NA
"6";"5";"93867";"1109";3;2;0,329999983;"2014Q4";1;1;1;1;1;1;1;1;1;1;1;1;1;1;1;1;1;1;0;0;0;0;0;0;0;0;0;0;0;0;0;0;1;1;1;1;0;-1;1;-1;1;0;1;1;1;0;NA;NA;NA;NA;NA;NA;NA;NA;NA
"7";"1";"13444";"1019";3;3;1,299999952;"2014Q4";1;1;1;1;1;1;1;1;1;1;-1;-1;-1;-1;-1;-1;-1;-1;0;0;-1;-1;-1;-1;-1;-1;-1;-1;-1;-1;1;0;-1;1;-1;1;1;-1;1;0;0;1;0;0;0;0;NA;NA;NA;NA;NA;NA;NA;NA;NA
"8";"5";"37623";"1219";2;2;0,115999997;"2014Q4";-1;-1;-1;-1;-1;-1;-1;-1;-1;-1;-1;-1;-1;-1;-1;-1;-1;-1;-1;-1;-1;-1;-1;-1;-1;-1;-1;-1;-1;-1;0;0;-1;1;-1;-1;-1;-1;-1;1;1;0;-1;-1;-1;-1;NA;NA;NA;NA;NA;NA;NA;NA;NA
"9";"6";"35463";"1190";5;4;1,700000048;"2014Q4";1;1;1;1;1;1;1;1;1;1;1;1;-1;-1;1;1;0;0;1;1;1;1;1;1;1;1;1;1;1;1;0;1;0;1;-1;1;0;-1;0;0;1;1;1;1;1;-1;NA;NA;NA;NA;NA;NA;NA;NA;NA
"10";"6";"10917";"1181";1;1;0,059999999;"2014Q4";-1;0;-1;-1;-1;0;-1;0;-1;-1;0;0;0;NA;-1;-1;0;0;0;0;1;0;1;0;1;0;1;0;1;0;0;0;-1;1;-1;1;0;NA;0;-1;1;1;-1;-1;0;-1;NA;NA;NA;NA;NA;NA;NA;NA;NA
"11";"2";"42870";"1200";9;4;20,02000046;"2014Q4";1;0;1;-1;1;-1;1;0;1;-1;0;0;1;0;-1;-1;0;0;0;0;1;0;0;0;0;0;1;0;-1;0;0;1;0;1;1;-1;-1;-1;-1;0;1;0;1;-1;1;0;NA;NA;NA;NA;NA;NA;NA;NA;NA
"12";"6";"14471";"1080";2;2;0,156000003;"2014Q4";0;1;-1;0;0;0;1;1;-1;0;0;0;0;0;0;0;0;0;1;1;0;0;0;0;0;0;0;0;0;0;0;0;0;1;-1;0;-1;-1;-1;-1;0;1;0;0;0;0;NA;NA;NA;NA;NA;NA;NA;NA;NA
"13";"6";"35295";"1219";3;3;0,289999992;"2014Q4";0;0;NA;NA;0;0;0;0;NA;NA;0;0;0;0;0;0;0;0;0;0;-1;-1;-1;-1;-1;-1;0;0;NA;NA;0;0;0;1;1;0;-1;-1;0;0;0;0;-1;NA;0;0;NA;NA;NA;NA;NA;NA;NA;NA;NA
"14";"5";"35234";"1149";2;2;0,307999998;"2014Q4";0;-1;1;1;-1;-1;-1;-1;1;1;-1;-1;-1;-1;-1;-1;-1;-1;-1;-1;0;0;0;0;1;1;1;1;1;1;0;0;0;1;-1;0;0;-1;0;0;1;0;0;1;0;-1;NA;NA;NA;NA;NA;NA;NA;NA;NA
"16";"8";"13157";"1049";8;4;5,921999931;"2014Q4";0;0;1;0;0;0;0;0;1;0;0;0;-1;-1;0;0;0;0;1;1;1;1;1;1;1;1;0;0;0;0;0;0;0;1;-1;1;0;-1;0;0;0;0;0;1;1;0;NA;NA;NA;NA;NA;NA;NA;NA;NA
"17";"5";"13159";"1201";2;2;0,280000001;"2014Q4";0;0;NA;NA;0;0;0;0;NA;NA;-1;-1;-1;-1;0;0;0;0;0;0;1;1;1;1;1;1;0;0;NA;NA;0;0;0;1;-1;0;-1;-1;0;0;1;1;1;-1;-1;-1;NA;NA;NA;NA;NA;NA;NA;NA;NA
"18";"1";"11191";"1140";1;2;0,077;"2014Q4";0;0;NA;NA;0;0;0;0;NA;NA;NA;NA;0;0;0;0;0;0;0;0;1;1;1;1;1;1;1;1;NA;NA;0;0;0;1;1;-1;-1;-1;-1;-1;0;-1;0;0;0;0;NA;NA;NA;NA;NA;NA;NA;NA;NA
"19";"5";"93956";"1109";8;4;3,101999998;"2014Q4";0;0;0;0;0;0;-1;0;1;0;0;0;0;0;0;-1;0;0;0;0;1;0;0;1;1;0;0;0;1;0;0;1;0;1;-1;1;0;0;1;0;1;0;1;0;0;0;NA;NA;NA;NA;NA;NA;NA;NA;NA
"20";"5";"35509";"1090";2;2;0,119999997;"2014Q4";1;0;1;0;1;0;1;0;1;0;1;0;0;0;0;0;0;0;-1;-1;1;1;1;1;1;1;1;1;1;1;0;0;1;-1;NA;0;-1;-1;-1;-1;0;1;0;0;0;0;NA;NA;NA;NA;NA;NA;NA;NA;NA
"21";"5";"13255";"1109";6;4;1,583999991;"2014Q4";-1;-1;1;1;0;0;-1;-1;1;1;0;0;-1;-1;0;0;0;0;0;0;1;1;1;1;1;1;0;0;0;0;0;0;-1;-1;-1;0;-1;-1;-1;0;0;-1;-1;1;0;0;NA;NA;NA;NA;NA;NA;NA;NA;NA
"22";"5";"14531";"1109";2;1;0,131999999;"2014Q4";1;NA;1;NA;1;NA;1;NA;0;NA;0;NA;1;NA;1;NA;1;NA;NA;NA;1;NA;1;NA;1;NA;0;NA;1;NA;-1;0;1;1;1;1;1;1;1;0;-1;0;0;0;0;0;NA;NA;NA;NA;NA;NA;NA;NA;NA
"23";"5";"14214";"1049";2;3;0,252000004;"2014Q4";1;-1;NA;NA;1;-1;1;-1;NA;NA;NA;NA;-1;-1;0;0;0;-1;-1;-1;1;1;1;1;1;1;-1;-1;NA;NA;0;0;-1;1;-1;NA;1;-1;1;-1;1;1;1;-1;-1;-1;NA;NA;NA;NA;NA;NA;NA;NA;NA
"24";"5";"14549";"1042";5;4;2,14199996;"2014Q4";1;1;0;0;1;1;1;1;0;0;1;0;1;1;1;0;1;1;1;1;1;1;1;1;1;1;1;1;0;0;1;0;1;-1;1;0;-1;-1;-1;0;-1;1;0;0;0;0;NA;NA;NA;NA;NA;NA;NA;NA;NA
"25";"1";"33255";"1182";4;4;1,139999986;"2014Q4";1;1;0;1;1;1;1;1;0;0;0;0;0;0;0;0;0;0;0;1;0;0;1;0;1;0;0;0;1;0;0;0;0;1;-1;1;0;-1;1;0;0;0;0;1;1;0;NA;NA;NA;NA;NA;NA;NA;NA;NA
"26";"1";"14784";"1159";9;4;16,01600075;"2014Q4";1;1;0;0;1;1;1;1;0;0;0;0;1;1;1;0;0;0;0;0;1;1;0;1;0;1;1;1;1;1;0;1;0;1;1;1;1;-1;-1;1;0;0;0;0;1;1;NA;NA;NA;NA;NA;NA;NA;NA;NA
"27";"2";"14547";"1110";2;2;0,140000001;"2014Q4";-1;-1;NA;NA;-1;-1;-1;-1;NA;NA;0;-1;-1;-1;0;-1;-1;-1;0;0;1;1;1;1;1;1;0;0;NA;NA;0;0;0;1;-1;0;0;-1;0;0;1;1;-1;NA;-1;NA;NA;NA;NA;NA;NA;NA;NA;NA;NA
"28";"1";"35090";"1191";1;1;0,050000001;"2014Q4";-1;0;NA;NA;NA;0;-1;0;NA;NA;0;0;-1;-1;-1;-1;0;0;0;0;1;1;1;1;1;1;1;1;NA;NA;0;0;0;1;-1;-1;-1;-1;-1;-1;1;0;1;NA;0;1;NA;NA;NA;NA;NA;NA;NA;NA;NA
"29";"5";"11187";"1219";3;3;0,289999992;"2014Q4";0;0;NA;NA;NA;NA;1;0;NA;NA;1;0;1;0;0;0;1;0;-1;-1;1;1;1;1;1;1;0;0;NA;NA;-1;-1;1;-1;1;1;0;-1;1;0;-1;-1;0;NA;-1;0;NA;NA;NA;NA;NA;NA;NA;NA;NA
"18668";"5";"33349";"1070";5;3;0,884000003;"2014Q4";0;0;0;0;0;0;0;0;0;0;0;0;-1;-1;0;0;0;0;0;-1;1;1;1;0;1;0;1;0;1;0;0;1;0;-1;-1;1;1;0;1;0;1;1;0;0;0;-1;NA;NA;NA;NA;NA;NA;NA;NA;NA
"18669";"1";"35299";"1060";2;4;0,388000011;"2014Q4";0;NA;0;NA;-1;NA;0;NA;0;NA;-1;NA;-1;NA;0;NA;-1;NA;0;NA;1;NA;1;NA;1;NA;1;NA;0;NA;0;0;-1;1;-1;0;0;-1;1;1;1;1;1;-1;-1;-1;NA;NA;NA;NA;NA;NA;NA;NA;NA
"18670";"5";"43170";"1219";1;1;0,028999999;"2014Q4";0;0;0;0;0;0;0;0;0;0;0;0;0;0;0;0;0;0;0;0;0;0;0;0;0;0;0;0;0;0;0;0;0;1;-1;0;0;0;0;0;0;0;0;0;0;0;NA;NA;NA;NA;NA;NA;NA;NA;NA
"18671";"1";"35268";"1140";3;4;0,769999981;"2014Q4";1;1;-1;1;1;1;1;1;-1;1;NA;NA;0;0;0;0;1;1;0;1;0;0;1;1;0;0;0;0;0;0;0;0;0;-1;1;-1;-1;-1;-1;-1;-1;-1;NA;1;1;1;NA;NA;NA;NA;NA;NA;NA;NA;NA
"18672";"6";"35258";"1192";3;3;0,5;"2014Q4";1;1;-1;-1;1;1;1;1;-1;-1;-1;-1;0;0;0;0;1;1;0;0;1;1;1;1;1;1;0;0;-1;0;0;-1;1;-1;-1;-1;-1;-1;1;1;0;1;1;-1;0;-1;NA;NA;NA;NA;NA;NA;NA;NA;NA
"18681";"3";"13697";"1013";4;4;2,46999979;"2014Q4";-1;0;-1;0;-1;0;-1;0;-1;1;-1;0;-1;0;0;0;-1;0;0;1;1;0;1;0;1;0;1;0;1;0;0;0;0;1;-1;0;0;-1;1;0;1;0;0;1;1;0;NA;NA;NA;NA;NA;NA;NA;NA;NA
"18682";"6";"43146";"1219";1;1;0,028999999;"2014Q4";0;0;NA;NA;0;0;0;0;NA;NA;0;0;-1;0;0;0;0;0;NA;NA;0;0;0;0;0;0;0;0;NA;NA;0;0;0;1;-1;-1;-1;-1;-1;-1;0;-1;NA;NA;NA;0;NA;NA;NA;NA;NA;NA;NA;NA;NA
"18683";"6";"34904";"1153";2;1;0,224000007;"2014Q4";1;1;1;1;1;1;1;1;1;1;1;1;1;1;1;1;1;1;1;1;-1;-1;-1;-1;1;1;0;0;0;0;0;-1;0;-1;1;1;0;-1;-1;0;-1;1;1;1;0;0;NA;NA;NA;NA;NA;NA;NA;NA;NA
"18684";"5";"14534";"1159";2;1;0,224000007;"2014Q4";1;0;NA;NA;NA;NA;1;0;NA;NA;0;0;1;0;0;0;0;0;0;0;1;0;1;0;1;0;0;0;NA;NA;0;0;0;-1;1;0;1;0;NA;0;0;0;NA;NA;0;0;NA;NA;NA;NA;NA;NA;NA;NA;NA
"18685";"6";"35321";"1170";1;1;0,090999998;"2014Q4";0;-1;-1;-1;0;-1;0;0;-1;-1;0;0;-1;-1;-1;0;0;0;-1;-1;0;1;0;0;1;1;0;0;0;0;-1;-1;-1;1;-1;1;0;-1;1;0;1;1;1;-1;-1;-1;NA;NA;NA;NA;NA;NA;NA;NA;NA
"18686";"2";"35110";"1120";1;1;0,007;"2014Q4";1;1;0;0;1;1;1;1;0;0;0;0;1;1;0;0;0;0;1;0;1;1;1;1;1;1;1;1;1;1;0;-1;0;1;NA;0;-1;-1;1;0;0;0;0;1;0;1;NA;NA;NA;NA;NA;NA;NA;NA;NA
"18714";"6";"14292";"1019";2;2;0,519999981;"2014Q4";1;-1;0;0;1;0;1;0;0;0;0;0;1;0;1;0;1;0;0;0;1;1;1;1;1;1;1;1;1;1;0;0;1;-1;1;-1;-1;-1;0;-1;0;1;1;0;0;0;NA;NA;NA;NA;NA;NA;NA;NA;NA
"18723";"6";"94650";"1201";3;3;0,699999988;"2014Q4";-1;-1;NA;NA;-1;-1;-1;-1;NA;NA;-1;-1;-1;-1;-1;-1;-1;0;-1;-1;-1;-1;-1;-1;-1;-1;-1;-1;NA;NA;-1;-1;-1;1;-1;-1;-1;1;1;0;1;1;1;NA;-1;-1;NA;NA;NA;NA;NA;NA;NA;NA;NA
"18724";"6";"35188";"1140";4;4;1,46299994;"2014Q4";1;1;0;0;1;1;1;1;0;0;0;0;1;1;0;0;1;NA;0;0;1;1;-1;-1;1;1;1;1;1;1;-1;-1;0;1;1;0;-1;-1;0;NA;0;0;0;1;1;1;NA;NA;NA;NA;NA;NA;NA;NA;NA
"18725";"3";"11210";"1219";7;4;1,797999978;"2014Q4";NA;NA;NA;NA;NA;NA;NA;NA;NA;NA;NA;NA;-1;1;-1;1;-1;1;-1;1;-1;1;-1;1;-1;1;-1;1;-1;1;0;0;0;1;-1;1;0;-1;0;1;0;1;0;1;0;-1;NA;NA;NA;NA;NA;NA;NA;NA;NA
"18726";"6";"11132";"1140";3;4;0,769999981;"2014Q4";0;0;0;0;0;0;0;0;0;0;0;0;0;0;0;0;0;0;0;0;0;0;0;0;0;0;0;0;0;0;0;0;0;1;-1;-1;-1;-1;-1;0;1;1;NA;NA;NA;NA;NA;NA;NA;NA;NA;NA;NA;NA;NA
"18727";"1";"14232";"1120";2;1;0,028000001;"2014Q4";0;1;0;0;0;1;0;1;0;0;0;0;-1;0;1;0;0;0;1;0;-1;-1;0;0;-1;-1;1;1;1;1;0;0;1;-1;-1;0;-1;-1;0;1;0;1;1;0;1;-1;NA;NA;NA;NA;NA;NA;NA;NA;NA
"18728";"6";"37658";"1191";3;3;0,5;"2014Q4";-1;0;NA;NA;-1;0;-1;-1;NA;NA;0;0;-1;-1;0;0;0;0;-1;-1;0;0;0;0;0;0;0;1;NA;NA;0;0;0;1;-1;-1;-1;-1;-1;-1;1;1;1;0;-1;-1;NA;NA;NA;NA;NA;NA;NA;NA;NA
"18729";"6";"10976";"1140";1;2;0,077;"2014Q4";-1;-1;-1;-1;-1;-1;-1;-1;-1;-1;-1;-1;-1;-1;-1;-1;-1;-1;-1;-1;1;1;1;1;1;1;0;0;0;0;0;0;0;1;-1;1;0;0;0;-1;0;1;1;1;0;0;NA;NA;NA;NA;NA;NA;NA;NA;NA
"18730";"6";"14569";"1049";4;4;1,197000027;"2014Q4";-1;-1;-1;-1;-1;-1;-1;-1;-1;-1;-1;-1;-1;-1;-1;-1;-1;-1;-1;-1;1;1;1;1;1;1;1;1;1;1;-1;-1;0;1;-1;0;0;-1;1;0;0;0;0;0;-1;-1;NA;NA;NA;NA;NA;NA;NA;NA;NA
"18731";"6";"37163";"1219";1;1;0,028999999;"2014Q4";1;0;NA;NA;1;0;1;0;NA;NA;0;0;1;0;0;0;1;0;1;-1;1;0;1;0;1;0;1;0;NA;NA;0;0;0;1;-1;0;0;-1;-1;0;1;0;NA;NA;0;0;NA;NA;NA;NA;NA;NA;NA;NA;NA
"18732";"5";"13266";"1013";3;3;1,299999952;"2014Q4";-1;0;-1;0;-1;0;-1;0;-1;0;-1;0;0;0;0;0;0;0;0;0;1;1;0;0;1;1;1;1;1;1;0;-1;0;-1;1;0;-1;-1;0;-1;-1;0;0;1;0;0;NA;NA;NA;NA;NA;NA;NA;NA;NA
"18733";"6";"13340";"1109";2;3;0,131999999;"2014Q4";1;1;0;0;1;1;0;0;0;0;0;0;0;0;0;0;0;0;0;0;1;1;1;1;1;1;1;1;1;1;0;0;-1;1;1;0;-1;-1;0;0;0;1;0;0;0;0;NA;NA;NA;NA;NA;NA;NA;NA;NA
"18734";"6";"35317";"1149";9;4;22,02199936;"2014Q4";-1;-1;1;1;-1;1;-1;0;1;1;0;0;-1;-1;0;0;0;0;0;0;1;1;0;0;1;0;1;0;0;0;0;1;0;1;-1;1;0;-1;0;1;0;1;-1;1;1;-1;NA;NA;NA;NA;NA;NA;NA;NA;NA
"18743";"6";"14387";"1049";2;3;0,252000004;"2014Q4";1;0;1;0;1;NA;1;0;1;0;0;0;1;0;0;0;0;0;NA;NA;0;0;1;1;1;1;0;1;0;1;0;0;0;NA;1;0;0;0;0;0;1;0;0;0;0;0;NA;NA;NA;NA;NA;NA;NA;NA;NA
"18744";"6";"13470";"1110";3;1;0,349999994;"2014Q4";-1;-1;NA;NA;-1;0;-1;0;NA;NA;NA;NA;-1;-1;0;0;0;0;0;0;1;1;1;1;1;1;0;0;NA;NA;0;0;0;1;-1;1;0;NA;-1;-1;1;0;NA;NA;-1;-1;NA;NA;NA;NA;NA;NA;NA;NA;NA
"18745";"5";"14319";"1070";6;4;1,248000026;"2014Q4";1;0;-1;0;-1;-1;1;0;0;-1;0;1;1;0;-1;0;-1;0;-1;0;1;0;1;0;0;-1;0;1;0;0;1;1;1;1;-1;1;0;-1;0;0;0;0;0;0;-1;0;NA;NA;NA;NA;NA;NA;NA;NA;NA
"18746";"6";"35310";"1219";3;1;0,289999992;"2014Q4";-1;-1;-1;-1;-1;-1;-1;-1;-1;-1;0;0;0;0;0;0;-1;-1;-1;-1;-1;0;0;0;0;0;0;0;-1;0;0;0;0;1;-1;0;-1;-1;1;1;1;1;0;-1;-1;0;NA;NA;NA;NA;NA;NA;NA;NA;NA
"18747";"6";"14479";"1181";1;1;0,059999999;"2014Q4";-1;-1;NA;NA;-1;-1;-1;-1;NA;NA;-1;-1;-1;-1;-1;-1;0;0;0;0;1;1;1;1;1;1;0;0;NA;NA;0;-1;-1;1;-1;0;-1;-1;0;0;1;1;-1;-1;-1;-1;NA;NA;NA;NA;NA;NA;NA;NA;NA
"18748";"6";"35198";"1109";4;4;0,626999974;"2014Q4";-1;-1;0;0;-1;-1;0;-1;0;0;0;0;-1;-1;-1;-1;-1;-1;0;-1;1;0;0;0;0;1;0;1;0;1;0;0;-1;1;-1;-1;-1;-1;-1;0;1;0;-1;0;-1;-1;NA;NA;NA;NA;NA;NA;NA;NA;NA
"18749";"1";"14058";"1020";2;4;0,104000002;"2014Q4";-1;-1;-1;-1;0;0;-1;-1;-1;-1;0;0;-1;-1;0;0;0;0;0;0;0;0;0;0;-1;-1;0;0;0;0;0;1;1;1;-1;0;0;1;-1;0;1;1;0;1;1;0;NA;NA;NA;NA;NA;NA;NA;NA;NA
"18750";"6";"37114";"1179";4;4;1,728999972;"2014Q4";0;0;0;0;0;0;1;0;0;0;1;0;1;0;1;0;1;0;0;0;0;0;0;0;0;0;0;0;0;0;0;0;0;-1;1;-1;-1;-1;0;-1;0;1;0;0;1;0;NA;NA;NA;NA;NA;NA;NA;NA;NA
"18751";"6";"13417";"1200";8;4;6,579999924;"2014Q4";0;1;1;0;0;0;0;0;1;0;1;0;0;0;0;0;0;0;0;0;0;0;0;0;0;0;0;0;0;0;0;0;0;-1;1;-1;-1;-1;-1;1;0;0;0;0;0;0;NA;NA;NA;NA;NA;NA;NA;NA;NA
"18752";"6";"33249";"1201";3;3;0,699999988;"2014Q4";0;-1;-1;-1;-1;-1;-1;-1;-1;-1;0;0;-1;-1;-1;-1;-1;-1;1;-1;-1;-1;-1;-1;-1;-1;1;1;1;1;-1;0;0;1;-1;1;0;-1;0;0;1;1;-1;0;-1;-1;NA;NA;NA;NA;NA;NA;NA;NA;NA
"18753";"6";"37180";"1170";5;4;3,093999863;"2014Q4";1;0;-1;-1;1;-1;1;-1;-1;-1;0;-1;0;0;0;0;0;-1;-1;-1;-1;-1;-1;-1;0;0;-1;-1;-1;-1;0;0;-1;1;-1;1;0;-1;0;-1;0;1;1;-1;-1;-1;NA;NA;NA;NA;NA;NA;NA;NA;NA
"18754";"6";"37653";"1159";2;1;0,224000007;"2014Q4";1;0;NA;NA;1;NA;1;NA;NA;NA;NA;NA;1;0;0;0;1;0;0;0;0;1;0;0;0;1;0;1;NA;NA;0;0;0;-1;1;-1;-1;-1;-1;-1;-1;-1;0;NA;1;0;NA;NA;NA;NA;NA;NA;NA;NA;NA
"18755";"6";"14254";"1179";2;2;0,363999993;"2014Q4";-1;-1;0;0;-1;-1;-1;-1;0;0;0;0;-1;-1;0;0;0;0;-1;0;0;0;-1;-1;0;0;0;0;0;0;0;0;0;-1;-1;1;0;-1;-1;1;1;1;0;0;0;-1;NA;NA;NA;NA;NA;NA;NA;NA;NA
"18756";"1";"34753";"1019";4;4;2,46999979;"2014Q4";0;-1;0;-1;0;-1;0;-1;0;-1;0;0;0;-1;0;0;0;0;0;-1;0;-1;0;-1;0;0;0;-1;-1;-1;0;0;0;1;-1;1;0;-1;0;0;0;0;1;-1;-1;-1;NA;NA;NA;NA;NA;NA;NA;NA;NA
"18757";"6";"10981";"1099";2;2;0,119999997;"2014Q4";1;0;0;0;0;1;1;1;0;0;0;0;0;0;0;0;0;0;1;1;1;1;1;1;1;1;1;1;0;0;0;1;1;1;-1;1;0;-1;1;1;0;1;1;0;1;-1;NA;NA;NA;NA;NA;NA;NA;NA;NA
"19795";"5";"13171";"1060";9;4;27,74200058;"2014Q4";-1;-1;1;1;-1;-1;-1;-1;1;1;0;0;-1;-1;0;0;0;0;0;0;-1;-1;-1;-1;-1;-1;0;0;0;0;0;0;0;1;-1;0;0;-1;-1;0;1;1;-1;1;1;-1;NA;NA;NA;NA;NA;NA;NA;NA;NA
"19796";"1";"13184";"1080";3;2;0,390000015;"2014Q4";1;1;NA;NA;1;1;1;1;NA;NA;1;1;1;1;1;1;0;0;0;0;1;0;1;0;1;0;0;1;NA;NA;-1;-1;1;1;1;-1;0;-1;1;0;-1;0;0;NA;0;0;NA;NA;NA;NA;NA;NA;NA;NA;NA
"19797";"2";"41657";"1149";4;4;1,46299994;"2014Q4";-1;-1;-1;-1;-1;-1;-1;-1;-1;-1;-1;-1;-1;-1;-1;-1;-1;-1;1;1;-1;-1;-1;-1;-1;-1;-1;-1;-1;-1;1;1;-1;1;-1;0;-1;-1;0;-1;1;1;0;0;1;-1;NA;NA;NA;NA;NA;NA;NA;NA;NA
"19798";"5";"14817";"1130";2;2;0,056000002;"2014Q4";1;1;1;0;1;1;1;1;1;0;1;1;1;1;0;0;0;0;0;1;0;0;0;0;-1;-1;1;1;1;1;1;0;0;1;-1;1;0;-1;-1;0;-1;1;1;0;1;-1;NA;NA;NA;NA;NA;NA;NA;NA;NA
"19799";"6";"35497";"1013";8;4;12,21999931;"2014Q4";1;1;1;1;1;1;1;1;1;1;0;0;0;1;-1;-1;0;0;1;1;-1;-1;0;1;-1;-1;1;1;1;1;0;-1;0;1;-1;1;0;-1;1;0;1;0;0;1;1;0;NA;NA;NA;NA;NA;NA;NA;NA;NA
"19800";"6";"10941";"1090";3;3;0,299999982;"2014Q4";0;-1;NA;NA;0;-1;0;-1;NA;NA;0;-1;0;0;0;0;0;-1;0;0;-1;-1;0;0;-1;-1;0;0;NA;NA;0;0;0;-1;1;1;0;-1;1;0;0;0;-1;0;-1;-1;NA;NA;NA;NA;NA;NA;NA;NA;NA
"19801";"1";"14818";"1130";1;1;0,014;"2014Q4";1;1;1;1;1;1;0;0;1;1;-1;-1;-1;0;0;0;0;0;0;0;0;0;0;0;-1;-1;0;0;0;0;0;0;0;-1;1;0;0;-1;-1;-1;0;1;1;1;0;1;NA;NA;NA;NA;NA;NA;NA;NA;NA
"19802";"5";"14574";"1161";3;4;0,689999998;"2014Q4";0;0;0;0;0;0;0;0;0;0;0;0;0;0;0;0;-1;-1;1;1;-1;-1;-1;-1;-1;-1;0;1;1;1;0;0;0;-1;-1;0;0;-1;-1;-1;0;1;0;0;1;0;NA;NA;NA;NA;NA;NA;NA;NA;NA
"19803";"5";"13442";"1109";9;4;9,437999725;"2014Q4";0;0;0;0;-1;0;0;0;0;0;0;0;-1;-1;0;0;0;0;0;0;0;-1;0;0;0;-1;0;1;-1;-1;0;0;0;-1;1;0;0;-1;0;0;0;0;0;0;0;0;NA;NA;NA;NA;NA;NA;NA;NA;NA
"19804";"5";"33542";"1060";3;4;0,970000029;"2014Q4";1;-1;NA;NA;1;-1;1;-1;NA;NA;1;-1;0;0;-1;0;1;0;0;0;0;0;0;0;0;0;0;1;NA;NA;0;-1;0;-1;1;0;0;0;-1;0;-1;0;0;NA;1;0;NA;NA;NA;NA;NA;NA;NA;NA;NA
"19805";"5";"10267";"1080";3;2;0,390000015;"2014Q4";-1;-1;0;0;-1;-1;-1;-1;0;0;-1;-1;-1;-1;0;-1;0;-1;0;0;1;1;1;1;1;1;0;0;0;0;0;0;-1;1;-1;0;-1;-1;-1;-1;1;1;-1;0;0;-1;NA;NA;NA;NA;NA;NA;NA;NA;NA
"19806";"1";"33214";"1120";3;3;0,07;"2014Q4";0;0;0;1;0;1;0;0;1;NA;0;0;0;0;-1;-1;0;0;0;0;0;0;0;0;0;0;0;0;0;0;1;0;-1;1;-1;0;0;-1;1;0;1;0;0;0;0;0;NA;NA;NA;NA;NA;NA;NA;NA;NA
"19807";"1";"13196";"1040";3;4;0,629999995;"2014Q4";0;0;0;1;0;1;1;1;0;0;1;0;0;0;0;0;1;-1;1;0;1;1;1;1;1;1;1;0;0;0;0;1;0;1;-1;0;0;-1;0;0;0;0;0;0;0;0;NA;NA;NA;NA;NA;NA;NA;NA;NA
"19808";"1";"14423";"1049";1;1;0,063000001;"2014Q4";0;0;NA;NA;0;0;-1;0;NA;0;0;NA;0;0;0;0;0;0;0;NA;1;0;1;0;1;1;0;0;NA;NA;0;1;0;1;-1;-1;-1;NA;0;NA;1;1;NA;NA;NA;0;NA;NA;NA;NA;NA;NA;NA;NA;NA
"19809";"1";"37159";"1110";4;4;0,665000021;"2014Q4";1;1;0;0;1;1;1;1;0;0;0;0;0;0;0;0;0;0;0;0;1;1;0;0;1;1;1;1;0;0;0;0;-1;-1;1;1;0;-1;-1;0;-1;0;1;1;1;0;NA;NA;NA;NA;NA;NA;NA;NA;NA
"19810";"1";"14788";"1020";3;4;0,25999999;"2014Q4";1;0;1;0;0;0;1;0;1;1;1;0;1;0;0;0;0;0;1;0;0;0;0;0;1;0;0;0;0;0;0;0;0;-1;1;1;1;1;0;0;-1;1;-1;1;1;1;NA;NA;NA;NA;NA;NA;NA;NA;NA
"19811";"1";"34808";"1020";2;4;0,104000002;"2014Q4";1;1;-1;-1;0;0;1;1;-1;-1;0;0;-1;-1;-1;0;0;0;0;0;1;1;1;1;1;1;1;1;0;0;0;0;0;-1;-1;0;-1;-1;-1;0;-1;1;0;0;0;0;NA;NA;NA;NA;NA;NA;NA;NA;NA
"19812";"1";"40720";"1060";9;4;27,74200058;"2014Q4";0;NA;NA;1;0;1;0;1;NA;1;NA;NA;0;0;1;1;1;1;0;0;1;1;1;1;1;1;1;1;NA;NA;0;-1;-1;-1;-1;0;-1;-1;0;0;-1;0;1;1;1;0;NA;NA;NA;NA;NA;NA;NA;NA;NA
"19813";"1";"14782";"1060";1;2;0,097000003;"2014Q4";1;1;0;0;1;1;1;1;0;0;0;0;1;1;1;1;1;1;0;0;1;1;1;1;1;1;0;0;0;0;0;0;0;1;1;1;0;-1;0;0;0;0;0;0;0;1;NA;NA;NA;NA;NA;NA;NA;NA;NA
"19814";"1";"10620";"1020";1;3;0,026000001;"2014Q4";0;0;0;0;0;0;0;0;0;0;-1;-1;0;-1;0;0;0;0;-1;-1;1;1;1;1;1;1;0;1;1;1;0;0;-1;1;-1;0;-1;-1;0;0;0;1;1;0;-1;-1;NA;NA;NA;NA;NA;NA;NA;NA;NA
"19815";"1";"13189";"1109";3;2;0,329999983;"2014Q4";1;0;1;0;1;0;1;0;1;0;0;0;0;0;-1;0;0;0;0;0;1;1;1;1;1;1;1;1;1;1;1;0;0;1;1;1;0;-1;1;0;1;0;1;1;0;0;NA;NA;NA;NA;NA;NA;NA;NA;NA
"19816";"5";"14812";"1182";1;1;0,059999999;"2014Q4";-1;-1;-1;-1;-1;-1;0;0;-1;-1;0;0;-1;-1;0;0;0;0;0;0;1;1;1;1;1;1;1;1;0;0;0;0;0;1;-1;-1;-1;-1;-1;0;0;1;-1;-1;-1;-1;NA;NA;NA;NA;NA;NA;NA;NA;NA
"19817";"5";"34829";"1159";9;4;16,01600075;"2014Q4";1;1;-1;-1;1;1;1;1;-1;-1;0;0;-1;-1;0;0;0;0;0;0;0;0;0;0;0;0;0;0;-1;-1;0;1;0;1;-1;0;-1;-1;-1;0;0;1;0;0;1;-1;NA;NA;NA;NA;NA;NA;NA;NA;NA
"19818";"5";"35353";"1219";1;1;0,028999999;"2014Q4";-1;-1;-1;-1;-1;-1;-1;-1;-1;-1;-1;-1;-1;-1;-1;-1;-1;-1;-1;-1;1;1;1;1;1;1;0;0;0;0;-1;0;-1;1;-1;-1;-1;-1;0;0;1;0;1;-1;-1;-1;NA;NA;NA;NA;NA;NA;NA;NA;NA
"19819";"6";"37183";"1194";1;1;0,050000001;"2014Q4";-1;1;0;0;-1;1;-1;1;0;0;0;0;-1;1;-1;0;0;0;0;0;-1;-1;-1;-1;-1;-1;-1;-1;NA;NA;0;0;1;1;-1;1;0;-1;0;-1;1;1;0;0;-1;-1;NA;NA;NA;NA;NA;NA;NA;NA;NA
"19820";"5";"37561";"1040";2;3;0,252000004;"2014Q4";1;1;NA;NA;1;1;1;1;NA;NA;NA;NA;1;0;1;1;NA;NA;0;0;1;NA;0;-1;0;0;0;0;NA;NA;0;0;-1;-1;1;0;-1;-1;0;1;0;-1;NA;NA;1;1;NA;NA;NA;NA;NA;NA;NA;NA;NA
"19821";"5";"14514";"1010";3;3;1,299999952;"2014Q4";1;-1;NA;NA;1;-1;1;-1;NA;NA;0;-1;0;0;1;-1;1;-1;1;0;0;0;1;-1;0;1;0;1;NA;NA;0;0;0;1;1;0;0;-1;0;0;0;0;-1;NA;1;0;NA;NA;NA;NA;NA;NA;NA;NA;NA
"19822";"1";"93420";"1020";2;4;0,104000002;"2014Q4";NA;NA;NA;NA;NA;NA;NA;NA;NA;NA;NA;NA;0;0;0;0;0;0;-1;-1;-1;-1;-1;-1;-1;-1;0;0;0;0;0;0;0;-1;-1;-1;-1;-1;-1;0;0;1;-1;0;-1;-1;NA;NA;NA;NA;NA;NA;NA;NA;NA
"19823";"6";"35108";"1219";5;4;0,985999942;"2014Q4";-1;-1;-1;-1;0;0;-1;-1;-1;-1;-1;-1;0;0;1;1;1;1;-1;-1;1;1;1;1;1;1;1;1;-1;-1;0;1;0;-1;-1;0;0;-1;1;0;1;0;1;-1;-1;0;NA;NA;NA;NA;NA;NA;NA;NA;NA
"19824";"1";"13170";"1109";4;3;0,626999974;"2014Q4";1;0;0;0;1;0;1;0;0;0;1;0;1;0;-1;1;0;0;0;0;1;1;1;1;1;1;1;1;1;1;NA;NA;NA;NA;NA;NA;NA;NA;NA;NA;NA;NA;NA;NA;NA;NA;NA;NA;NA;NA;NA;NA;NA;NA;NA
"19825";"5";"14458";"1099";2;2;0,119999997;"2014Q4";-1;0;-1;0;-1;0;0;-1;-1;-1;0;0;-1;-1;0;-1;0;0;0;0;0;0;1;1;0;0;0;0;0;0;1;0;-1;1;-1;1;0;-1;-1;0;1;1;0;1;-1;0;NA;NA;NA;NA;NA;NA;NA;NA;NA
"19826";"6";"34917";"1060";5;4;3,298000097;"2014Q4";1;0;NA;NA;1;1;1;0;NA;NA;0;0;1;0;1;1;0;0;1;1;1;1;0;0;1;1;1;1;NA;NA;0;0;NA;1;1;0;-1;-1;0;-1;0;0;0;NA;1;0;NA;NA;NA;NA;NA;NA;NA;NA;NA
"19827";"6";"42467";"1179";6;4;4,368000031;"2014Q4";-1;1;-1;1;-1;1;0;0;0;0;1;0;0;0;0;0;-1;-1;-1;-1;1;0;1;0;1;0;0;0;1;0;1;0;0;-1;1;0;-1;-1;-1;-1;0;-1;0;0;-1;0;NA;NA;NA;NA;NA;NA;NA;NA;NA
"19828";"6";"43266";"1219";2;2;0,115999997;"2014Q4";-1;-1;0;0;-1;-1;-1;-1;0;0;-1;-1;-1;-1;-1;-1;-1;-1;0;0;1;1;1;1;1;1;1;1;1;1;-1;0;-1;1;-1;1;0;-1;-1;0;1;1;-1;0;-1;-1;NA;NA;NA;NA;NA;NA;NA;NA;NA
"19829";"1";"94951";"1160";3;4;0,689999998;"2014Q4";-1;-1;NA;NA;-1;-1;-1;-1;NA;NA;0;0;-1;-1;0;0;-1;-1;-1;-1;-1;NA;-1;-1;-1;-1;0;0;NA;NA;0;1;0;1;-1;-1;-1;-1;-1;-1;1;1;1;-1;-1;-1;NA;NA;NA;NA;NA;NA;NA;NA;NA
"19830";"8";"14353";"1182";2;2;0,239999995;"2014Q4";0;0;NA;NA;0;0;0;0;NA;NA;0;0;-1;-1;-1;-1;-1;-1;-1;-1;0;0;0;0;0;0;0;0;NA;NA;0;-1;1;1;-1;0;-1;-1;0;0;1;1;0;NA;-1;-1;NA;NA;NA;NA;NA;NA;NA;NA;NA
"19831";"6";"14424";"1201";8;4;6,579999924;"2014Q4";-1;0;0;0;0;0;-1;0;0;0;-1;-1;-1;-1;-1;-1;-1;-1;-1;-1;0;0;-1;-1;-1;-1;0;0;1;1;0;0;-1;1;-1;1;0;-1;1;0;0;1;-1;1;-1;-1;NA;NA;NA;NA;NA;NA;NA;NA;NA
"19832";"6";"35490";"1179";3;3;0,909999967;"2014Q4";-1;-1;1;1;0;0;-1;-1;-1;-1;0;0;-1;-1;-1;-1;-1;-1;-1;-1;1;1;1;1;0;0;0;0;1;1;-1;0;0;1;-1;0;0;-1;1;0;0;0;0;0;1;-1;NA;NA;NA;NA;NA;NA;NA;NA;NA
"19833";"6";"14402";"1153";4;3;1,06400001;"2014Q4";-1;-1;-1;-1;-1;-1;-1;-1;-1;-1;-1;-1;-1;-1;-1;-1;-1;-1;0;0;0;0;0;0;0;0;0;0;0;0;0;0;-1;1;-1;0;0;-1;-1;-1;0;1;0;1;0;1;NA;NA;NA;NA;NA;NA;NA;NA;NA
"19834";"1";"14786";"1149";3;4;0,769999981;"2014Q4";1;0;0;0;1;0;1;0;0;0;1;0;-1;-1;0;0;1;1;1;0;1;1;0;0;1;1;1;1;1;1;0;0;0;-1;-1;1;0;-1;0;0;-1;1;0;0;-1;-1;NA;NA;NA;NA;NA;NA;NA;NA;NA
"19835";"5";"14459";"1219";2;2;0,115999997;"2014Q4";1;1;0;0;1;1;1;1;0;0;0;0;1;1;0;0;0;0;1;1;-1;-1;-1;-1;-1;-1;0;1;0;0;-1;0;0;1;1;1;0;-1;1;0;-1;0;0;0;1;0;NA;NA;NA;NA;NA;NA;NA;NA;NA
"19836";"6";"36911";"1179";2;2;0,363999993;"2014Q4";0;0;1;0;1;0;0;0;1;0;0;0;0;0;1;0;1;0;1;0;0;0;0;0;-1;-1;-1;1;-1;1;0;0;-1;-1;1;-1;-1;-1;-1;-1;-1;1;0;0;0;-1;NA;NA;NA;NA;NA;NA;NA;NA;NA
"19837";"1";"14466";"1049";3;4;0,629999995;"2014Q4";-1;-1;-1;-1;0;0;-1;-1;-1;-1;0;0;-1;-1;-1;-1;0;0;-1;-1;-1;-1;-1;-1;-1;-1;-1;-1;-1;-1;-1;-1;1;1;-1;1;1;-1;1;1;-1;1;-1;-1;-1;-1;NA;NA;NA;NA;NA;NA;NA;NA;NA
"19838";"6";"34889";"1179";3;3;0,909999967;"2014Q4";1;0;1;0;0;0;0;0;0;0;-1;-1;1;0;0;0;1;1;0;0;-1;-1;-1;-1;-1;-1;1;1;1;1;1;-1;-1;1;1;0;-1;-1;1;-1;0;1;0;0;-1;-1;NA;NA;NA;NA;NA;NA;NA;NA;NA
"19839";"2";"14585";"1130";9;4;4,004000187;"2014Q4";0;0;1;1;-1;-1;0;0;-1;1;0;0;-1;-1;-1;-1;0;0;1;1;-1;-1;-1;-1;-1;-1;-1;-1;0;0;1;1;1;1;-1;0;0;-1;-1;0;1;1;1;0;-1;0;NA;NA;NA;NA;NA;NA;NA;NA;NA
"19840";"6";"37166";"1181";2;2;0,239999995;"2014Q4";0;0;NA;NA;0;0;0;0;NA;NA;-1;-1;-1;0;0;0;0;0;0;0;0;0;0;0;-1;-1;0;0;NA;NA;0;0;-1;1;-1;-1;-1;-1;0;0;1;1;NA;NA;0;0;NA;NA;NA;NA;NA;NA;NA;NA;NA
"19841";"6";"14533";"1170";9;4;26,02599907;"2014Q4";0;0;1;0;0;0;0;0;1;0;-1;-1;0;0;-1;0;-1;-1;0;0;0;0;0;1;0;0;-1;0;-1;0;NA;NA;NA;NA;NA;-1;-1;-1;1;-1;0;1;NA;NA;NA;NA;NA;NA;NA;NA;NA;NA;NA;NA;NA
"19842";"6";"37606";"1182";9;4;17,15999985;"2014Q4";0;0;0;0;0;0;0;0;0;0;0;0;0;0;0;0;0;0;0;0;1;0;1;0;1;0;1;0;1;0;0;0;0;-1;1;-1;-1;-1;-1;0;0;0;0;0;0;0;NA;NA;NA;NA;NA;NA;NA;NA;NA
"19843";"1";"14044";"1109";7;4;2,046000004;"2014Q4";-1;0;0;0;0;0;0;0;0;0;0;0;0;0;NA;NA;0;0;-1;1;1;1;1;1;1;1;1;1;1;1;0;0;0;1;-1;1;0;-1;0;0;1;0;0;1;0;0;NA;NA;NA;NA;NA;NA;NA;NA;NA
"19844";"1";"33515";"1109";8;4;3,101999998;"2014Q4";0;0;NA;NA;0;0;0;0;NA;NA;0;0;0;0;0;0;0;0;1;1;-1;-1;-1;NA;-1;-1;1;1;NA;NA;-1;1;-1;1;-1;-1;-1;-1;1;-1;0;-1;0;NA;1;0;NA;NA;NA;NA;NA;NA;NA;NA;NA
"19845";"1";"14776";"1110";4;4;0,665000021;"2014Q4";1;0;0;0;1;0;0;-1;0;0;-1;-1;0;-1;0;0;0;-1;-1;-1;1;1;1;1;1;1;1;0;0;0;0;1;-1;1;-1;0;-1;-1;0;0;0;1;1;0;-1;-1;NA;NA;NA;NA;NA;NA;NA;NA;NA
"19846";"1";"40370";"1020";5;4;0,884000003;"2014Q4";1;1;0;0;1;1;1;1;0;0;0;0;1;1;0;0;1;1;0;0;1;1;1;1;1;1;1;1;0;0;0;0;0;1;-1;0;0;-1;-1;0;0;0;1;1;0;0;NA;NA;NA;NA;NA;NA;NA;NA;NA
"19847";"1";"37173";"1181";1;1;0,059999999;"2014Q4";1;0;NA;0;1;0;1;0;NA;0;1;0;1;0;1;0;1;0;0;0;1;NA;1;NA;1;NA;1;NA;NA;NA;1;1;1;1;1;-1;-1;-1;-1;0;1;1;1;0;0;0;NA;NA;NA;NA;NA;NA;NA;NA;NA
"19848";"1";"14235";"1080";2;2;0,156000003;"2014Q4";1;0;0;0;1;0;1;0;0;0;0;0;1;0;0;0;1;0;0;0;1;0;1;0;1;0;0;0;0;0;0;0;0;-1;1;1;1;0;-1;0;-1;0;0;0;1;0;NA;NA;NA;NA;NA;NA;NA;NA;NA
"19849";"1";"14780";"1010";8;4;12,21999931;"2014Q4";0;1;-1;-1;-1;0;0;0;-1;-1;-1;-1;0;0;-1;0;-1;0;-1;-1;0;1;0;1;0;1;0;0;0;0;0;0;0;1;1;1;0;-1;0;0;1;0;0;0;1;0;NA;NA;NA;NA;NA;NA;NA;NA;NA
"19850";"1";"41635";"1140";5;4;2,618000031;"2014Q4";0;0;NA;NA;0;0;0;-1;NA;NA;0;0;0;-1;0;0;0;0;-1;-1;1;1;1;1;0;1;0;1;NA;NA;0;0;0;1;-1;-1;-1;-1;-1;0;0;1;0;NA;-1;-1;NA;NA;NA;NA;NA;NA;NA;NA;NA
"19851";"5";"13324";"1170";3;3;0,909999967;"2014Q4";0;1;-1;0;0;1;0;1;-1;1;0;-1;0;1;0;0;0;1;0;1;0;1;0;1;0;0;0;0;0;0;-1;-1;-1;-1;-1;-1;-1;-1;-1;0;0;0;-1;0;0;0;NA;NA;NA;NA;NA;NA;NA;NA;NA
"19852";"6";"33374";"1159";5;4;1,904000044;"2014Q4";1;0;1;1;1;1;1;0;1;1;1;0;1;0;0;0;0;0;1;1;0;0;0;0;1;1;1;1;1;0;0;-1;1;-1;1;0;-1;-1;-1;0;0;0;1;1;1;1;NA;NA;NA;NA;NA;NA;NA;NA;NA
"19853";"1";"13425";"1049";6;4;3,024000168;"2014Q4";-1;-1;NA;NA;-1;-1;-1;-1;NA;NA;0;0;-1;-1;-1;-1;-1;-1;0;0;0;0;0;0;-1;-1;-1;-1;NA;NA;0;0;-1;-1;-1;-1;-1;-1;1;-1;1;1;0;NA;0;0;NA;NA;NA;NA;NA;NA;NA;NA;NA
"19854";"2";"41912";"1159";2;1;0,224000007;"2014Q4";0;0;0;0;0;0;0;0;0;0;0;0;0;0;0;0;0;0;0;0;0;0;0;0;0;0;0;0;NA;NA;0;0;0;-1;1;0;0;0;0;0;0;0;0;NA;0;0;NA;NA;NA;NA;NA;NA;NA;NA;NA
"19855";"1";"14555";"1110";1;1;0,035;"2014Q4";0;0;NA;NA;0;1;0;0;NA;NA;-1;0;0;0;0;0;0;0;NA;NA;0;1;0;1;1;1;0;1;NA;NA;1;0;0;1;-1;1;0;-1;1;1;1;1;NA;NA;1;-1;NA;NA;NA;NA;NA;NA;NA;NA;NA
"19856";"1";"14465";"1081";8;4;3,666000128;"2014Q4";1;0;0;0;1;1;1;1;0;0;1;0;0;0;1;0;0;0;1;1;-1;-1;1;0;1;0;0;0;0;0;0;0;-1;-1;-1;1;0;0;1;0;-1;1;-1;0;1;0;NA;NA;NA;NA;NA;NA;NA;NA;NA
"19857";"1";"14588";"1219";4;3;0,550999999;"2014Q4";1;1;NA;NA;1;1;1;1;NA;NA;0;0;NA;NA;0;0;0;0;0;0;0;0;1;1;0;0;0;0;NA;NA;0;0;0;1;1;0;0;-1;0;0;0;1;0;0;0;0;NA;NA;NA;NA;NA;NA;NA;NA;NA
"19858";"1";"14430";"1219";8;4;2,725999832;"2014Q4";1;0;1;0;1;0;1;0;1;0;NA;0;0;0;0;0;0;0;1;1;1;1;1;1;1;1;1;1;1;1;0;0;0;1;1;-1;-1;-1;-1;-1;0;0;0;1;1;1;NA;NA;NA;NA;NA;NA;NA;NA;NA
"19859";"1";"13199";"1181";2;2;0,239999995;"2014Q4";-1;0;1;0;1;0;-1;0;1;0;-1;0;0;0;0;0;0;0;0;0;1;1;0;1;1;1;0;1;1;0;0;0;0;1;-1;0;-1;-1;1;-1;0;-1;0;1;1;1;NA;NA;NA;NA;NA;NA;NA;NA;NA
"19860";"5";"33350";"1170";3;3;0,909999967;"2014Q4";0;-1;0;0;0;-1;0;-1;0;0;-1;-1;0;-1;0;-1;0;0;-1;1;-1;-1;-1;-1;0;0;0;-1;-1;-1;1;1;-1;1;-1;1;0;-1;-1;0;1;1;-1;0;0;0;NA;NA;NA;NA;NA;NA;NA;NA;NA
"19861";"1";"13155";"1049";5;4;2,14199996;"2014Q4";1;0;0;0;1;0;1;0;0;0;-1;-1;0;0;-1;-1;0;0;0;0;1;1;1;1;1;1;1;1;1;1;-1;-1;0;1;-1;-1;-1;-1;1;0;1;0;0;1;1;0;NA;NA;NA;NA;NA;NA;NA;NA;NA
"19862";"1";"14308";"1153";1;1;0,056000002;"2014Q4";0;1;0;0;0;1;0;1;0;0;0;0;0;0;0;0;0;0;0;0;1;1;0;1;1;1;0;0;0;0;0;0;0;-1;1;-1;-1;-1;0;-1;-1;0;0;0;0;0;NA;NA;NA;NA;NA;NA;NA;NA;NA
"19863";"1";"14509";"1049";2;3;0,252000004;"2014Q4";0;0;NA;NA;NA;NA;0;0;NA;NA;0;0;0;0;0;0;0;0;0;0;0;0;0;0;0;0;0;0;NA;NA;0;NA;0;-1;1;-1;-1;-1;-1;-1;-1;-1;0;NA;0;0;NA;NA;NA;NA;NA;NA;NA;NA;NA
"19864";"1";"35294";"1149";8;4;7,237999916;"2014Q4";1;-1;1;-1;1;-1;0;0;0;0;1;0;1;0;0;0;1;-1;1;0;0;0;1;0;0;1;0;1;0;1;0;-1;0;-1;1;0;-1;-1;0;-1;0;0;1;1;1;0;NA;NA;NA;NA;NA;NA;NA;NA;NA
"19865";"1";"35069";"1181";3;3;0,599999964;"2014Q4";1;0;1;0;1;0;0;0;1;0;0;0;1;0;0;0;1;0;0;0;0;0;1;1;0;0;0;0;0;0;-1;0;0;1;1;1;0;-1;1;0;1;1;0;1;-1;1;NA;NA;NA;NA;NA;NA;NA;NA;NA
"19866";"5";"33337";"1110";5;4;1,190000057;"2014Q4";1;1;1;1;1;1;1;1;1;1;0;0;-1;-1;1;1;1;1;1;1;1;1;1;1;1;1;0;0;0;0;1;1;0;1;-1;1;0;-1;0;0;0;1;0;0;1;0;NA;NA;NA;NA;NA;NA;NA;NA;NA
"19867";"1";"35102";"1170";4;4;1,728999972;"2014Q4";1;1;NA;NA;1;1;1;1;NA;NA;0;0;1;1;1;0;0;0;0;0;1;0;1;0;1;0;1;0;NA;NA;0;0;0;1;1;1;0;-1;1;0;0;-1;1;NA;0;1;NA;NA;NA;NA;NA;NA;NA;NA;NA
"19868";"1";"40100";"1010";5;4;4,420000076;"2014Q4";0;0;0;0;NA;NA;0;0;0;0;0;0;-1;-1;0;0;0;0;-1;-1;1;1;1;1;1;1;0;1;0;1;0;0;-1;-1;-1;0;0;-1;0;-1;0;0;0;0;0;-1;NA;NA;NA;NA;NA;NA;NA;NA;NA
"19869";"1";"42629";"1181";3;3;0,599999964;"2014Q4";0;0;0;0;0;0;0;0;0;0;0;0;0;0;0;0;0;0;-1;0;-1;NA;0;NA;0;NA;0;NA;0;NA;0;0;0;1;-1;-1;0;-1;-1;-1;0;0;0;0;-1;0;NA;NA;NA;NA;NA;NA;NA;NA;NA
"19870";"1";"34973";"1160";5;4;2,345999956;"2014Q4";1;0;0;1;1;0;1;0;0;0;0;0;0;0;-1;-1;0;0;0;0;0;0;0;0;0;1;0;1;0;1;1;0;-1;1;-1;0;0;0;0;0;1;1;1;1;1;0;NA;NA;NA;NA;NA;NA;NA;NA;NA
"19871";"1";"14502";"1170";2;2;0,363999993;"2014Q4";1;1;0;1;1;1;1;1;1;1;0;0;0;1;0;0;0;0;-1;-1;1;1;1;1;1;1;0;0;1;1;0;0;0;1;-1;1;1;0;0;0;1;1;0;0;-1;0;NA;NA;NA;NA;NA;NA;NA;NA;NA
"19872";"1";"14801";"1140";2;2;0,307999998;"2014Q4";0;-1;NA;NA;0;-1;0;-1;NA;NA;NA;NA;-1;-1;0;0;0;0;0;0;1;1;1;1;1;1;0;1;NA;NA;0;0;0;1;1;-1;-1;-1;0;-1;0;-1;0;NA;-1;-1;NA;NA;NA;NA;NA;NA;NA;NA;NA
"19873";"1";"14797";"1153";3;2;0,560000002;"2014Q4";1;-1;0;0;1;-1;1;-1;0;0;-1;0;0;-1;0;-1;0;-1;0;0;1;1;1;0;1;1;0;-1;0;0;0;0;0;1;-1;1;0;-1;0;0;0;1;-1;0;-1;-1;NA;NA;NA;NA;NA;NA;NA;NA;NA
"19874";"1";"14785";"1010";1;1;0,129999995;"2014Q4";-1;0;NA;NA;-1;0;-1;0;NA;NA;-1;-1;-1;-1;0;0;0;0;NA;NA;-1;-1;1;1;1;1;0;0;NA;NA;NA;NA;NA;1;-1;NA;NA;NA;NA;NA;NA;0;NA;NA;NA;-1;NA;NA;NA;NA;NA;NA;NA;NA;NA
"19875";"5";"13246";"1110";7;4;2,170000076;"2014Q4";-1;-1;NA;NA;0;-1;-1;-1;NA;NA;0;0;-1;0;-1;0;-1;0;-1;0;-1;-1;0;0;0;0;-1;-1;NA;NA;0;0;0;-1;-1;0;0;-1;0;0;1;0;0;NA;0;1;NA;NA;NA;NA;NA;NA;NA;NA;NA
"19876";"6";"34902";"1179";8;4;8,553999901;"2014Q4";1;0;1;1;1;1;1;0;1;1;0;0;0;0;-1;-1;0;0;0;0;-1;-1;0;0;-1;-1;0;0;0;0;0;0;0;1;-1;1;0;-1;0;-1;0;1;0;1;0;0;NA;NA;NA;NA;NA;NA;NA;NA;NA
"19877";"6";"14792";"1192";3;3;0,5;"2014Q4";-1;0;-1;-1;-1;-1;-1;0;-1;-1;0;0;-1;-1;-1;-1;0;0;0;0;-1;-1;-1;-1;-1;-1;0;0;1;1;NA;NA;-1;1;-1;0;0;-1;-1;-1;1;-1;1;1;0;-1;NA;NA;NA;NA;NA;NA;NA;NA;NA
"19878";"1";"10914";"1019";4;4;2,46999979;"2014Q4";1;0;1;1;1;1;1;0;0;1;0;0;-1;0;0;0;0;0;0;0;-1;-1;1;1;-1;-1;1;1;1;1;-1;0;1;1;-1;-1;-1;-1;0;1;1;1;1;1;1;0;NA;NA;NA;NA;NA;NA;NA;NA;NA
"19879";"5";"36922";"1080";6;4;1,871999979;"2014Q4";1;0;0;0;0;0;1;1;0;0;-1;-1;-1;-1;0;0;0;0;0;0;0;0;0;0;0;-1;-1;-1;NA;NA;0;0;-1;1;-1;0;0;-1;-1;-1;0;1;1;NA;-1;NA;NA;NA;NA;NA;NA;NA;NA;NA;NA
"19880";"6";"37595";"1149";2;2;0,307999998;"2014Q4";1;1;1;1;1;1;1;1;1;1;0;0;1;1;0;0;0;0;0;0;1;1;1;1;1;1;0;0;0;0;0;0;-1;-1;1;-1;-1;-1;-1;0;-1;0;1;1;1;1;NA;NA;NA;NA;NA;NA;NA;NA;NA
"19881";"6";"14375";"1182";1;1;0,059999999;"2014Q4";0;0;0;0;0;0;0;0;0;0;0;0;0;0;0;0;0;0;0;0;0;0;0;0;0;0;0;0;0;0;0;0;0;-1;1;-1;-1;-1;-1;-1;-1;-1;1;0;0;0;NA;NA;NA;NA;NA;NA;NA;NA;NA
"19882";"5";"13245";"1110";4;4;0,665000021;"2014Q4";1;1;0;0;1;1;1;1;0;0;1;1;1;1;0;0;1;1;1;0;0;1;0;1;0;1;0;1;0;0;0;0;1;-1;1;1;0;-1;0;0;-1;1;1;0;1;1;NA;NA;NA;NA;NA;NA;NA;NA;NA
"19883";"5";"13240";"1179";2;2;0,363999993;"2014Q4";0;-1;0;-1;0;-1;0;-1;0;-1;NA;NA;-1;-1;-1;0;0;0;-1;0;0;0;0;0;1;1;0;0;0;0;0;NA;-1;1;-1;0;0;-1;-1;-1;1;0;NA;1;0;1;NA;NA;NA;NA;NA;NA;NA;NA;NA
"19884";"6";"14478";"1149";1;2;0,077;"2014Q4";1;0;1;0;1;0;1;0;1;0;NA;NA;1;-1;0;0;0;0;0;0;1;1;1;1;1;1;0;1;0;1;0;0;0;-1;1;-1;-1;-1;1;0;-1;1;-1;-1;0;-1;NA;NA;NA;NA;NA;NA;NA;NA;NA
"19885";"6";"14527";"1192";4;4;0,949999988;"2014Q4";0;0;0;1;NA;NA;0;0;0;1;0;0;0;0;0;0;0;0;1;1;0;1;0;1;0;1;0;0;0;0;-1;0;1;-1;1;1;1;0;0;-1;-1;1;0;1;1;0;NA;NA;NA;NA;NA;NA;NA;NA;NA
"19886";"5";"14433";"1140";3;4;0,769999981;"2014Q4";1;NA;1;NA;1;NA;1;NA;1;NA;0;NA;-1;NA;0;NA;1;NA;0;NA;1;NA;1;NA;0;NA;0;NA;0;NA;0;0;0;-1;-1;0;0;-1;0;0;0;1;1;0;0;-1;NA;NA;NA;NA;NA;NA;NA;NA;NA
"19887";"6";"37491";"1199";1;1;0,050000001;"2014Q4";-1;-1;-1;-1;-1;-1;-1;-1;-1;0;-1;-1;-1;-1;-1;-1;-1;-1;0;0;0;0;0;0;0;0;-1;-1;0;0;1;1;-1;1;-1;-1;-1;-1;0;-1;1;1;0;0;0;-1;NA;NA;NA;NA;NA;NA;NA;NA;NA
"19888";"5";"34784";"1049";3;4;0,629999995;"2014Q4";-1;-1;-1;-1;-1;-1;-1;-1;-1;-1;1;1;-1;-1;0;0;0;0;0;0;0;0;0;0;1;1;0;0;0;0;1;0;1;1;-1;-1;-1;-1;-1;-1;1;-1;1;-1;0;0;NA;NA;NA;NA;NA;NA;NA;NA;NA
"19889";"6";"14302";"1110";1;1;0,035;"2014Q4";-1;0;0;0;0;0;-1;0;0;0;0;0;-1;0;0;0;-1;0;NA;NA;1;1;1;1;1;1;-1;-1;0;0;0;0;0;1;-1;0;1;0;-1;1;1;1;0;0;1;-1;NA;NA;NA;NA;NA;NA;NA;NA;NA
"19890";"5";"37626";"1159";7;4;3,472000122;"2014Q4";-1;-1;-1;-1;-1;0;0;0;-1;0;-1;-1;-1;-1;-1;-1;-1;-1;-1;-1;1;1;1;1;1;1;-1;-1;-1;-1;0;0;1;1;-1;0;0;-1;0;-1;1;1;-1;-1;-1;-1;NA;NA;NA;NA;NA;NA;NA;NA;NA
"19891";"6";"33407";"1179";2;2;0,363999993;"2014Q4";-1;-1;0;0;0;0;-1;-1;-1;-1;NA;NA;-1;-1;0;0;0;0;0;0;1;1;1;1;1;1;0;0;0;0;0;0;0;1;-1;1;0;-1;-1;NA;0;0;-1;-1;0;-1;NA;NA;NA;NA;NA;NA;NA;NA;NA
"19892";"6";"13161";"1182";2;2;0,239999995;"2014Q4";0;0;NA;NA;0;0;0;0;NA;NA;0;NA;0;0;-1;0;0;0;0;0;1;1;1;1;1;1;1;1;1;1;0;0;0;1;-1;1;-1;-1;-1;NA;NA;1;0;NA;NA;NA;NA;NA;NA;NA;NA;NA;NA;NA;NA
"19893";"2";"41572";"1130";1;1;0,014;"2014Q4";-1;0;0;0;-1;0;-1;0;0;0;0;0;0;0;-1;0;0;0;0;0;1;0;1;0;1;0;1;0;1;0;0;0;0;-1;-1;-1;-1;-1;-1;-1;1;1;0;0;0;-1;NA;NA;NA;NA;NA;NA;NA;NA;NA
"19894";"6";"13426";"1160";1;4;0,068999998;"2014Q4";1;0;NA;0;1;0;1;0;NA;NA;-1;0;1;0;0;0;1;0;0;0;1;0;0;0;1;0;1;0;NA;NA;0;-1;-1;-1;1;0;0;-1;-1;-1;-1;0;0;NA;NA;0;NA;NA;NA;NA;NA;NA;NA;NA;NA
"19895";"2";"13263";"1219";3;3;0,289999992;"2014Q4";0;1;NA;NA;NA;NA;0;1;NA;NA;-1;1;0;1;0;0;0;1;0;0;1;1;1;1;1;1;1;1;NA;NA;0;0;1;1;1;0;0;-1;1;1;1;1;1;1;1;1;NA;NA;NA;NA;NA;NA;NA;NA;NA
"19896";"6";"35250";"1160";2;4;0,275999993;"2014Q4";0;0;NA;NA;0;0;0;0;NA;NA;-1;0;-1;1;0;-1;0;-1;NA;NA;0;0;1;0;0;1;1;0;NA;NA;-1;0;-1;1;-1;0;0;-1;1;1;1;1;NA;NA;0;1;NA;NA;NA;NA;NA;NA;NA;NA;NA
"19897";"6";"33905";"1219";6;4;1,39199996;"2014Q4";1;1;-1;1;1;1;1;1;0;1;-1;-1;0;0;0;-1;0;0;-1;1;-1;1;0;0;0;0;0;0;-1;0;0;0;0;1;-1;-1;-1;-1;0;0;0;1;0;1;1;1;NA;NA;NA;NA;NA;NA;NA;NA;NA
"19898";"6";"35388";"1130";2;2;0,056000002;"2014Q4";-1;-1;-1;-1;-1;-1;-1;-1;-1;-1;-1;-1;-1;-1;-1;-1;-1;-1;-1;-1;-1;-1;-1;-1;-1;-1;-1;-1;-1;-1;-1;-1;-1;1;-1;0;0;0;1;1;1;1;-1;-1;-1;-1;NA;NA;NA;NA;NA;NA;NA;NA;NA
"19899";"6";"37631";"1149";3;4;0,769999981;"2014Q4";-1;0;-1;0;-1;0;-1;0;-1;0;-1;0;-1;0;0;0;0;0;-1;0;1;0;1;0;1;0;0;0;0;0;0;0;0;1;-1;-1;-1;-1;-1;-1;0;0;0;0;0;-1;NA;NA;NA;NA;NA;NA;NA;NA;NA
"19900";"1";"14045";"1020";2;4;0,104000002;"2014Q4";0;0;1;0;0;0;0;0;1;0;0;0;0;0;0;0;0;0;-1;0;0;0;0;0;1;0;0;0;1;0;0;-1;0;-1;1;0;-1;-1;0;0;-1;0;-1;1;0;0;NA;NA;NA;NA;NA;NA;NA;NA;NA
"19901";"1";"37555";"1219";1;1;0,028999999;"2014Q4";NA;NA;NA;NA;NA;NA;NA;NA;NA;NA;NA;NA;1;1;0;0;1;0;0;0;1;1;0;0;-1;NA;-1;-1;1;1;0;0;-1;-1;-1;-1;-1;-1;-1;-1;1;1;NA;NA;NA;NA;NA;NA;NA;NA;NA;NA;NA;NA;NA
"19902";"6";"35154";"1179";4;4;1,728999972;"2014Q4";1;1;0;0;1;1;1;1;0;0;1;1;1;1;1;1;1;1;0;1;1;1;0;0;-1;-1;-1;-1;0;0;0;0;1;-1;1;1;0;-1;0;-1;-1;0;1;0;1;1;NA;NA;NA;NA;NA;NA;NA;NA;NA
"19903";"6";"14317";"1160";4;4;1,31099999;"2014Q4";1;0;0;0;1;0;1;0;0;0;-1;0;1;0;0;0;0;0;0;-1;-1;0;-1;0;-1;1;-1;1;-1;0;0;0;-1;1;-1;-1;-1;-1;-1;0;1;1;0;0;-1;0;NA;NA;NA;NA;NA;NA;NA;NA;NA
"19904";"6";"10997";"1170";2;2;0,363999993;"2014Q4";0;0;-1;0;0;0;0;0;-1;0;-1;0;-1;-1;0;0;0;0;0;0;-1;-1;-1;-1;-1;-1;0;0;0;0;0;0;0;1;-1;1;0;-1;0;-1;0;1;0;-1;-1;-1;NA;NA;NA;NA;NA;NA;NA;NA;NA
"19905";"5";"94050";"1179";1;1;0,090999998;"2014Q4";-1;-1;NA;NA;-1;-1;-1;-1;NA;NA;0;0;-1;-1;0;0;-1;-1;0;0;-1;-1;-1;-1;-1;-1;0;-1;NA;NA;-1;1;-1;1;-1;0;0;-1;1;0;1;1;1;NA;-1;-1;NA;NA;NA;NA;NA;NA;NA;NA;NA
"19906";"6";"35390";"1179";4;4;1,728999972;"2014Q4";-1;0;-1;0;0;0;-1;0;-1;0;0;0;0;0;0;0;1;0;0;0;0;0;0;0;-1;0;0;0;0;0;0;0;0;1;-1;0;0;-1;1;0;1;0;0;0;-1;0;NA;NA;NA;NA;NA;NA;NA;NA;NA
"19907";"6";"14310";"1181";1;1;0,059999999;"2014Q4";-1;-1;-1;-1;-1;-1;-1;-1;-1;-1;-1;-1;0;0;0;0;0;0;0;0;-1;-1;-1;-1;-1;-1;0;0;1;1;0;0;1;1;-1;-1;-1;-1;1;-1;0;1;0;-1;-1;-1;NA;NA;NA;NA;NA;NA;NA;NA;NA
"19908";"6";"36142";"1080";9;4;11,15400028;"2014Q4";-1;0;-1;0;-1;0;-1;0;-1;0;-1;0;-1;0;0;0;0;0;1;0;-1;-1;-1;-1;-1;-1;1;1;1;1;0;1;0;1;-1;0;0;-1;-1;-1;1;0;1;-1;1;-1;NA;NA;NA;NA;NA;NA;NA;NA;NA
"19909";"5";"14247";"1182";2;2;0,239999995;"2014Q4";-1;-1;0;0;0;0;-1;-1;0;0;-1;-1;-1;-1;0;0;0;0;0;0;-1;-1;-1;-1;-1;-1;0;0;0;0;1;1;0;1;-1;1;0;-1;-1;0;1;1;1;1;1;0;NA;NA;NA;NA;NA;NA;NA;NA;NA
"19910";"6";"14582";"1179";8;4;8,553999901;"2014Q4";1;1;-1;-1;1;1;1;1;-1;-1;1;1;1;1;0;0;0;0;1;1;1;1;1;1;-1;-1;-1;-1;1;1;1;-1;0;-1;1;0;0;-1;1;-1;-1;-1;0;-1;1;1;NA;NA;NA;NA;NA;NA;NA;NA;NA
"19911";"6";"35332";"1201";3;3;0,699999988;"2014Q4";1;1;0;0;0;1;0;1;0;0;0;1;0;0;-1;0;0;1;0;0;1;1;1;1;1;1;1;1;0;0;0;0;1;1;-1;1;0;-1;0;0;0;1;1;0;0;0;NA;NA;NA;NA;NA;NA;NA;NA;NA
"19912";"6";"14486";"1199";6;4;2,400000095;"2014Q4";0;0;NA;NA;0;0;0;0;NA;NA;0;0;-1;-1;-1;-1;-1;-1;0;-1;0;-1;0;-1;0;-1;0;0;NA;NA;1;1;-1;-1;-1;-1;-1;-1;0;0;1;1;1;NA;0;-1;NA;NA;NA;NA;NA;NA;NA;NA;NA
"19913";"6";"13950";"1181";3;3;0,599999964;"2014Q4";0;-1;-1;-1;0;0;0;-1;-1;-1;0;0;0;0;-1;-1;-1;-1;-1;-1;0;1;0;1;0;1;-1;-1;-1;-1;0;0;0;1;-1;0;-1;-1;0;0;0;1;-1;-1;0;0;NA;NA;NA;NA;NA;NA;NA;NA;NA
"19914";"6";"35211";"1170";1;1;0,090999998;"2014Q4";0;-1;0;-1;-1;-1;0;-1;-1;-1;-1;-1;-1;-1;-1;-1;-1;-1;0;0;-1;-1;-1;-1;-1;-1;0;0;0;0;0;0;0;1;-1;1;0;-1;0;-1;1;0;1;-1;-1;-1;NA;NA;NA;NA;NA;NA;NA;NA;NA
"19915";"5";"14557";"1179";3;3;0,909999967;"2014Q4";-1;0;-1;0;-1;0;-1;0;-1;0;0;0;0;0;-1;0;-1;0;0;0;0;0;0;0;0;0;0;0;-1;0;0;0;-1;1;-1;0;-1;-1;-1;0;1;-1;-1;-1;0;0;NA;NA;NA;NA;NA;NA;NA;NA;NA
"19916";"5";"33280";"1109";6;4;1,583999991;"2014Q4";-1;-1;0;0;-1;-1;-1;-1;0;0;0;0;-1;-1;0;0;-1;-1;0;0;1;1;0;0;1;1;0;0;0;0;1;1;0;1;-1;1;0;-1;-1;-1;-1;1;0;0;0;0;NA;NA;NA;NA;NA;NA;NA;NA;NA
"19917";"6";"14829";"1160";4;4;1,31099999;"2014Q4";1;-1;NA;NA;1;-1;1;-1;NA;NA;0;-1;1;-1;0;0;1;-1;0;0;0;0;-1;0;-1;-1;1;1;NA;NA;-1;-1;1;1;-1;-1;-1;-1;0;0;0;1;0;0;-1;-1;NA;NA;NA;NA;NA;NA;NA;NA;NA
"19918";"6";"35190";"1201";2;2;0,280000001;"2014Q4";1;0;1;0;1;0;1;0;1;0;0;0;0;0;0;0;1;0;1;0;0;0;0;0;1;0;0;0;1;0;0;0;0;-1;1;0;-1;-1;-1;0;0;0;0;0;0;0;NA;NA;NA;NA;NA;NA;NA;NA;NA
"19919";"6";"35510";"1179";2;2;0,363999993;"2014Q4";1;1;1;1;1;1;1;1;1;1;0;1;0;0;-1;-1;0;0;1;1;1;1;1;1;1;1;1;1;1;1;0;-1;0;1;-1;0;-1;-1;0;0;0;1;0;1;1;0;NA;NA;NA;NA;NA;NA;NA;NA;NA
"19920";"6";"43139";"1219";3;3;0,289999992;"2014Q4";0;0;-1;0;0;0;0;0;-1;0;0;0;0;0;-1;0;-1;0;0;0;0;0;0;0;0;0;0;0;0;0;0;0;0;-1;1;-1;-1;-1;-1;-1;0;0;0;0;1;0;NA;NA;NA;NA;NA;NA;NA;NA;NA
"19921";"6";"37550";"1179";1;1;0,090999998;"2014Q4";-1;1;-1;0;-1;0;-1;0;-1;-1;-1;-1;-1;-1;0;0;0;0;0;0;-1;-1;0;0;0;0;0;0;0;0;0;0;0;1;-1;0;-1;-1;0;0;0;0;0;0;0;0;NA;NA;NA;NA;NA;NA;NA;NA;NA
"19922";"1";"35077";"1010";4;4;2,46999979;"2014Q4";-1;0;NA;NA;-1;0;-1;0;NA;NA;-1;-1;-1;-1;0;0;-1;-1;0;0;0;0;1;1;-1;-1;0;0;NA;NA;-1;0;-1;-1;1;1;0;-1;0;0;0;0;1;1;0;0;NA;NA;NA;NA;NA;NA;NA;NA;NA
"19923";"1";"35087";"1010";6;4;6,239999771;"2014Q4";0;-1;NA;NA;0;-1;0;-1;NA;NA;0;0;0;0;0;-1;0;-1;0;0;0;-1;0;-1;0;-1;0;0;NA;NA;1;-1;-1;1;1;0;-1;-1;-1;0;-1;1;NA;NA;0;0;NA;NA;NA;NA;NA;NA;NA;NA;NA
"19924";"6";"14381";"1161";4;4;1,31099999;"2014Q4";-1;-1;0;0;0;-1;-1;-1;0;0;-1;-1;-1;-1;0;0;-1;-1;0;0;-1;-1;-1;-1;-1;-1;0;0;1;1;-1;0;-1;1;-1;-1;-1;-1;1;-1;1;0;0;1;0;-1;NA;NA;NA;NA;NA;NA;NA;NA;NA
"19925";"1";"14794";"1159";3;2;0,560000002;"2014Q4";1;1;NA;NA;1;1;1;1;NA;NA;0;0;1;1;0;1;1;0;0;1;1;1;1;1;1;1;1;1;NA;NA;0;-1;-1;-1;1;1;0;-1;-1;-1;-1;0;NA;NA;1;1;NA;NA;NA;NA;NA;NA;NA;NA;NA
"19926";"6";"14316";"1191";1;1;0,050000001;"2014Q4";-1;-1;1;-1;-1;-1;-1;-1;1;-1;0;-1;-1;-1;-1;0;-1;0;0;0;-1;-1;-1;-1;-1;-1;-1;-1;-1;-1;0;0;-1;1;-1;0;-1;-1;0;-1;1;1;1;-1;0;-1;NA;NA;NA;NA;NA;NA;NA;NA;NA
"19928";"6";"14342";"1199";3;3;0,5;"2014Q4";1;1;1;1;1;1;1;1;1;1;0;0;0;0;0;0;0;0;-1;0;-1;-1;0;0;-1;-1;0;-1;0;0;0;-1;0;-1;1;1;0;-1;-1;-1;-1;1;0;1;1;0;NA;NA;NA;NA;NA;NA;NA;NA;NA
"19929";"5";"10954";"1019";4;4;2,46999979;"2014Q4";1;1;0;0;-1;-1;1;1;NA;NA;0;1;-1;-1;0;0;0;0;1;1;-1;-1;-1;-1;-1;-1;1;1;NA;NA;-1;-1;0;1;-1;1;0;-1;1;-1;-1;0;0;NA;-1;0;NA;NA;NA;NA;NA;NA;NA;NA;NA
"19930";"2";"33322";"1109";3;2;0,329999983;"2014Q4";NA;NA;NA;NA;NA;NA;NA;NA;NA;NA;NA;NA;0;-1;0;-1;0;-1;-1;-1;-1;-1;-1;-1;-1;-1;1;1;-1;-1;0;0;-1;1;-1;0;-1;-1;-1;0;1;1;-1;-1;0;0;NA;NA;NA;NA;NA;NA;NA;NA;NA
"19931";"1";"93419";"1090";8;4;2,819999933;"2014Q4";0;0;-1;-1;0;0;0;0;-1;-1;-1;-1;0;0;0;0;0;0;NA;NA;-1;-1;0;0;-1;-1;0;0;-1;-1;0;0;0;1;-1;1;0;-1;0;1;0;1;0;-1;-1;-1;NA;NA;NA;NA;NA;NA;NA;NA;NA
"19932";"6";"37543";"1179";1;1;0,090999998;"2014Q4";0;-1;NA;NA;1;1;-1;-1;NA;NA;0;0;0;0;0;0;0;0;0;0;-1;-1;-1;-1;-1;-1;0;0;NA;NA;1;-1;1;1;-1;1;1;-1;1;0;0;1;NA;NA;1;0;NA;NA;NA;NA;NA;NA;NA;NA;NA
"19933";"5";"11123";"1219";2;2;0,115999997;"2014Q4";1;1;-1;-1;0;0;1;1;-1;-1;0;0;1;1;0;0;0;0;0;0;0;0;-1;-1;-1;-1;1;1;-1;-1;0;1;-1;-1;1;-1;-1;-1;0;0;-1;0;0;-1;0;1;NA;NA;NA;NA;NA;NA;NA;NA;NA
"19934";"6";"13174";"1160";3;4;0,689999998;"2014Q4";1;NA;0;NA;1;NA;1;NA;0;NA;1;NA;1;NA;1;NA;1;NA;1;NA;-1;NA;-1;NA;0;NA;0;NA;0;NA;0;0;-1;1;-1;1;0;-1;0;1;-1;1;0;0;0;0;NA;NA;NA;NA;NA;NA;NA;NA;NA
"19935";"6";"11223";"1120";5;3;0,238000005;"2014Q4";0;NA;1;1;1;1;0;0;1;1;0;0;-1;-1;-1;-1;0;0;0;0;-1;-1;-1;-1;-1;-1;0;0;-1;-1;-1;0;0;1;-1;0;1;-1;1;0;0;1;-1;-1;-1;-1;NA;NA;NA;NA;NA;NA;NA;NA;NA
"19936";"5";"13331";"1201";3;3;0,699999988;"2014Q4";-1;-1;0;0;1;1;-1;1;0;0;0;0;-1;-1;-1;0;0;0;-1;0;-1;-1;-1;-1;-1;-1;1;1;0;0;-1;-1;1;1;-1;0;-1;-1;0;0;-1;0;1;1;1;0;NA;NA;NA;NA;NA;NA;NA;NA;NA
"19937";"8";"14415";"1110";3;3;0,349999994;"2014Q4";-1;-1;NA;NA;-1;-1;-1;-1;NA;NA;0;0;-1;-1;0;0;-1;-1;0;0;-1;-1;-1;-1;-1;-1;0;0;NA;NA;0;0;0;1;-1;1;-1;0;-1;-1;1;1;-1;NA;0;-1;NA;NA;NA;NA;NA;NA;NA;NA;NA
"19938";"1";"14434";"1010";5;4;4,420000076;"2014Q4";NA;NA;-1;0;1;1;NA;NA;-1;0;0;0;-1;-1;1;1;0;0;1;0;0;0;0;0;0;0;NA;NA;-1;-1;0;1;-1;-1;-1;0;-1;-1;-1;-1;1;0;NA;1;0;-1;NA;NA;NA;NA;NA;NA;NA;NA;NA
"19939";"6";"41070";"1090";5;4;1,019999981;"2014Q4";1;1;0;0;1;1;1;1;0;0;1;1;-1;-1;1;1;1;1;1;1;1;1;1;1;1;1;1;1;1;1;-1;-1;1;-1;-1;1;0;-1;1;0;-1;1;0;0;0;-1;NA;NA;NA;NA;NA;NA;NA;NA;NA
"19940";"1";"35092";"1201";2;2;0,280000001;"2014Q4";1;1;NA;NA;1;1;1;1;NA;NA;1;0;1;0;0;0;0;1;0;0;0;0;-1;-1;-1;-1;0;0;NA;NA;-1;-1;-1;1;1;0;0;-1;0;0;0;0;1;NA;0;0;NA;NA;NA;NA;NA;NA;NA;NA;NA
"19941";"6";"14516";"1149";3;4;0,769999981;"2014Q4";0;0;-1;0;1;1;0;0;-1;0;0;0;0;0;0;0;0;0;0;-1;0;-1;-1;-1;-1;-1;-1;-1;0;0;0;0;0;1;-1;-1;-1;-1;1;0;0;1;0;1;0;1;NA;NA;NA;NA;NA;NA;NA;NA;NA
"19942";"8";"40168";"1013";2;2;0,519999981;"2014Q4";0;0;0;0;0;0;0;0;0;0;0;0;-1;-1;-1;-1;-1;-1;-1;-1;-1;-1;-1;-1;1;-1;1;-1;0;-1;0;0;1;-1;-1;1;1;0;0;1;0;1;-1;-1;-1;-1;NA;NA;NA;NA;NA;NA;NA;NA;NA
"19943";"5";"14422";"1130";2;2;0,056000002;"2014Q4";0;0;1;1;1;1;0;0;1;1;1;1;1;1;1;1;0;0;1;1;1;1;NA;NA;-1;-1;0;1;0;1;0;-1;1;-1;1;-1;-1;-1;0;-1;-1;0;1;1;1;1;NA;NA;NA;NA;NA;NA;NA;NA;NA
"19944";"1";"35447";"1219";7;4;1,797999978;"2014Q4";1;1;-1;-1;0;0;1;1;-1;-1;1;1;1;1;0;0;0;0;0;0;1;1;1;1;-1;-1;-1;-1;-1;-1;-1;-1;0;-1;1;0;0;-1;0;-1;-1;-1;1;-1;0;0;NA;NA;NA;NA;NA;NA;NA;NA;NA
"19945";"2";"41892";"1159";3;2;0,560000002;"2014Q4";1;0;NA;NA;NA;NA;1;0;NA;NA;0;0;1;0;0;0;0;0;1;0;0;1;0;1;0;1;0;1;NA;NA;0;0;0;-1;-1;0;0;-1;-1;0;1;1;NA;NA;1;0;NA;NA;NA;NA;NA;NA;NA;NA;NA
"19946";"1";"14416";"1219";8;4;2,725999832;"2014Q4";1;1;0;0;1;1;1;1;0;0;1;1;0;0;1;1;0;0;1;1;1;1;1;1;1;0;1;1;1;1;0;-1;1;-1;1;1;0;-1;-1;-1;-1;0;0;0;1;0;NA;NA;NA;NA;NA;NA;NA;NA;NA
"19947";"1";"35442";"1060";2;4;0,388000011;"2014Q4";1;0;-1;-1;1;0;1;0;-1;-1;1;0;1;0;1;0;1;0;1;1;1;0;1;0;1;0;1;0;0;0;-1;-1;0;-1;1;0;0;-1;0;-1;-1;0;0;-1;1;0;NA;NA;NA;NA;NA;NA;NA;NA;NA
"19948";"6";"14572";"1159";3;2;0,560000002;"2014Q4";0;NA;NA;NA;0;NA;0;NA;NA;NA;0;NA;0;0;0;0;0;0;0;0;0;0;0;0;0;0;0;0;NA;NA;0;0;0;-1;1;0;0;-1;-1;0;0;0;NA;NA;NA;-1;NA;NA;NA;NA;NA;NA;NA;NA;NA
"19949";"6";"35502";"1160";3;4;0,689999998;"2014Q4";1;1;1;0;1;1;1;1;1;0;1;0;1;1;0;0;1;1;1;0;1;0;1;0;-1;0;1;0;1;0;1;1;-1;1;1;-1;0;1;0;1;0;1;0;1;1;1;NA;NA;NA;NA;NA;NA;NA;NA;NA
"19950";"1";"33212";"1010";3;3;1,299999952;"2014Q4";1;1;0;0;1;1;1;1;0;0;0;0;0;0;1;1;1;1;0;0;0;0;0;0;1;1;0;0;0;0;0;0;0;-1;1;0;0;0;1;-1;1;-1;0;1;0;-1;NA;NA;NA;NA;NA;NA;NA;NA;NA
"19951";"6";"37506";"1170";4;4;1,728999972;"2014Q4";1;0;1;0;1;0;1;0;1;0;-1;0;1;0;1;0;0;0;1;0;0;0;1;1;1;1;1;1;0;0;0;0;0;-1;1;0;0;-1;-1;-1;-1;-1;0;0;-1;0;NA;NA;NA;NA;NA;NA;NA;NA;NA
"19952";"6";"14565";"1191";5;4;1,700000048;"2014Q4";0;-1;0;0;0;0;-1;0;0;0;-1;0;-1;-1;-1;0;0;0;0;1;1;1;1;0;1;0;0;1;0;1;0;0;0;1;-1;1;1;-1;0;-1;1;1;1;0;0;0;NA;NA;NA;NA;NA;NA;NA;NA;NA
"19953";"6";"43077";"1149";5;4;2,618000031;"2014Q4";0;0;0;0;0;0;0;0;0;0;0;0;0;0;0;0;0;0;0;0;1;1;1;1;1;1;1;1;1;1;0;0;0;1;-1;1;0;-1;0;-1;0;1;0;0;0;0;NA;NA;NA;NA;NA;NA;NA;NA;NA
"19954";"6";"14526";"1013";1;1;0,129999995;"2014Q4";0;0;0;0;0;0;0;0;0;0;0;0;0;0;0;-1;0;0;1;0;0;1;0;1;0;1;0;0;0;0;0;0;0;1;-1;0;-1;-1;-1;0;0;1;0;0;-1;-1;NA;NA;NA;NA;NA;NA;NA;NA;NA
"19955";"6";"14361";"1179";2;2;0,363999993;"2014Q4";-1;0;NA;NA;NA;NA;-1;0;NA;NA;0;0;-1;0;0;-1;-1;-1;NA;NA;1;0;1;0;0;1;0;0;0;0;0;0;-1;1;-1;0;0;-1;1;0;1;1;NA;NA;0;0;NA;NA;NA;NA;NA;NA;NA;NA;NA
"19956";"6";"13443";"1110";3;3;0,349999994;"2014Q4";1;0;0;0;1;0;1;0;0;0;0;0;1;0;0;0;0;0;0;0;1;0;1;0;1;0;1;0;0;0;1;0;0;1;1;0;0;0;-1;-1;-1;0;1;0;0;0;NA;NA;NA;NA;NA;NA;NA;NA;NA
"19957";"6";"14053";"1160";5;4;2,345999956;"2014Q4";1;0;1;0;0;0;1;0;1;1;0;0;0;-1;0;0;0;0;1;0;1;0;1;0;1;0;1;0;0;0;1;1;0;1;-1;0;0;-1;1;-1;0;1;0;1;-1;0;NA;NA;NA;NA;NA;NA;NA;NA;NA
"19958";"5";"14573";"1110";4;4;0,665000021;"2014Q4";1;-1;0;0;1;-1;1;-1;0;0;0;0;1;-1;1;-1;1;-1;0;0;0;0;0;0;1;1;0;0;0;0;-1;0;-1;-1;-1;0;0;-1;1;1;1;1;0;0;-1;-1;NA;NA;NA;NA;NA;NA;NA;NA;NA
"19959";"5";"14556";"1181";3;3;0,599999964;"2014Q4";1;1;1;1;1;1;1;1;1;1;NA;NA;1;1;1;1;0;0;0;0;-1;-1;-1;-1;1;1;1;1;1;1;0;0;1;-1;1;1;0;-1;-1;-1;0;0;1;1;1;1;NA;NA;NA;NA;NA;NA;NA;NA;NA
"19960";"5";"14498";"1049";2;3;0,252000004;"2014Q4";0;-1;0;1;0;0;0;0;0;1;0;0;0;-1;0;-1;0;-1;-1;-1;1;1;1;1;1;1;0;0;0;0;1;0;0;1;-1;1;1;-1;-1;0;1;1;-1;1;-1;-1;NA;NA;NA;NA;NA;NA;NA;NA;NA
"19961";"6";"37568";"1060";3;4;0,970000029;"2014Q4";1;1;NA;NA;1;1;1;1;NA;NA;0;0;-1;-1;1;1;1;-1;-1;-1;1;1;1;1;1;1;1;1;NA;NA;1;1;0;-1;-1;1;0;-1;-1;0;0;1;-1;NA;-1;-1;NA;NA;NA;NA;NA;NA;NA;NA;NA
"19962";"6";"37517";"1219";1;1;0,028999999;"2014Q4";0;NA;NA;NA;0;NA;0;NA;NA;NA;0;NA;0;NA;0;NA;0;NA;0;NA;1;NA;1;NA;1;NA;0;NA;NA;NA;1;1;0;1;-1;-1;-1;-1;-1;-1;-1;1;1;NA;-1;-1;NA;NA;NA;NA;NA;NA;NA;NA;NA
"19963";"4";"34991";"1159";6;4;2,688000202;"2014Q4";-1;0;NA;NA;-1;0;-1;0;NA;NA;0;0;-1;0;-1;0;-1;0;0;0;1;1;1;1;1;1;0;0;NA;NA;0;0;0;1;-1;0;0;-1;0;0;1;0;NA;NA;0;0;NA;NA;NA;NA;NA;NA;NA;NA;NA
"19964";"2";"35055";"1161";2;4;0,275999993;"2014Q4";-1;0;NA;NA;-1;0;-1;0;NA;NA;-1;0;-1;0;0;0;0;0;NA;NA;1;0;1;0;1;0;1;0;NA;NA;0;0;-1;1;-1;0;-1;-1;-1;-1;0;-1;NA;NA;NA;0;NA;NA;NA;NA;NA;NA;NA;NA;NA
"19965";"1";"35099";"1181";8;4;5,639999866;"2014Q4";1;0;1;0;0;0;0;0;0;0;0;0;0;0;0;0;0;0;0;0;1;0;1;0;0;0;0;0;0;0;0;0;0;-1;1;0;0;-1;1;0;0;-1;0;0;0;0;NA;NA;NA;NA;NA;NA;NA;NA;NA
"19966";"1";"11185";"1159";9;4;16,01600075;"2014Q4";1;1;NA;NA;1;1;1;1;NA;NA;0;0;-1;0;0;0;0;0;0;0;-1;-1;0;0;0;0;1;1;NA;NA;0;0;0;1;1;0;0;-1;-1;-1;0;1;0;NA;0;1;NA;NA;NA;NA;NA;NA;NA;NA;NA
"19967";"6";"37546";"1109";3;2;0,329999983;"2014Q4";0;1;0;1;0;0;-1;0;-1;0;0;0;-1;-1;0;0;0;0;0;0;-1;-1;-1;-1;-1;-1;0;0;0;0;0;0;1;-1;-1;1;0;-1;0;1;1;1;0;0;-1;-1;NA;NA;NA;NA;NA;NA;NA;NA;NA
"19968";"5";"14587";"1159";1;1;0,056000002;"2014Q4";1;1;0;0;1;1;1;1;0;0;-1;-1;1;1;-1;-1;-1;-1;1;1;-1;-1;-1;-1;0;0;0;0;0;0;0;-1;0;-1;1;0;0;-1;-1;0;-1;1;0;0;1;1;NA;NA;NA;NA;NA;NA;NA;NA;NA
"19969";"1";"34945";"1219";2;2;0,115999997;"2014Q4";0;0;0;0;0;0;0;0;0;0;0;0;0;0;0;0;0;0;0;0;1;1;1;1;1;1;1;1;1;1;0;0;0;1;1;0;0;-1;0;-1;-1;0;0;0;0;0;NA;NA;NA;NA;NA;NA;NA;NA;NA
"19970";"5";"94057";"1140";4;4;1,46299994;"2014Q4";1;1;-1;-1;1;1;1;1;-1;-1;0;0;0;0;-1;-1;0;0;0;0;-1;-1;-1;-1;-1;1;1;1;-1;1;0;0;0;1;-1;0;-1;-1;1;0;0;1;1;1;1;0;NA;NA;NA;NA;NA;NA;NA;NA;NA
"19971";"6";"14054";"1010";6;4;6,239999771;"2014Q4";1;-1;0;0;1;1;1;1;0;0;NA;NA;1;0;0;0;1;0;1;0;0;0;0;0;0;0;0;0;0;0;NA;NA;NA;NA;NA;NA;NA;NA;NA;NA;NA;NA;NA;NA;NA;NA;NA;NA;NA;NA;NA;NA;NA;NA;NA
"19972";"5";"14552";"1080";4;2;0,740999997;"2014Q4";-1;0;-1;0;-1;0;-1;0;-1;0;1;0;-1;0;-1;0;-1;0;-1;0;1;0;1;0;1;0;1;0;1;0;1;0;-1;1;-1;0;0;-1;0;0;1;1;-1;1;-1;0;NA;NA;NA;NA;NA;NA;NA;NA;NA
"19973";"6";"40323";"1019";1;1;0,129999995;"2014Q4";1;NA;-1;NA;1;NA;1;NA;-1;NA;1;NA;-1;NA;1;NA;1;NA;1;NA;1;NA;1;NA;1;NA;1;NA;-1;NA;0;1;1;1;-1;NA;0;1;1;-1;-1;1;1;-1;1;-1;NA;NA;NA;NA;NA;NA;NA;NA;NA
"19974";"6";"14845";"1019";4;4;2,46999979;"2014Q4";1;0;1;0;1;0;1;0;1;0;0;0;0;-1;1;0;0;0;1;0;1;0;1;0;1;0;1;0;0;0;0;0;0;-1;-1;0;0;-1;-1;-1;0;1;0;0;1;-1;NA;NA;NA;NA;NA;NA;NA;NA;NA
"19975";"5";"13438";"1219";1;1;0,028999999;"2014Q4";-1;-1;NA;NA;-1;-1;-1;-1;NA;NA;-1;-1;-1;-1;0;-1;-1;-1;0;0;1;1;1;1;1;1;1;1;NA;NA;0;0;-1;1;NA;-1;-1;-1;-1;0;1;-1;1;NA;0;1;NA;NA;NA;NA;NA;NA;NA;NA;NA
"19977";"1";"37504";"1109";4;3;0,626999974;"2014Q4";-1;-1;-1;-1;-1;-1;-1;-1;-1;-1;0;0;-1;-1;0;0;-1;-1;-1;-1;0;0;1;1;1;1;1;1;0;0;-1;1;-1;1;-1;-1;-1;-1;-1;-1;1;-1;0;0;-1;0;NA;NA;NA;NA;NA;NA;NA;NA;NA
"19978";"1";"33317";"1040";3;4;0,629999995;"2014Q4";0;0;0;0;0;0;0;0;0;0;-1;-1;0;0;0;0;0;0;0;0;1;1;1;1;1;1;1;1;1;1;0;0;-1;1;1;0;0;-1;0;0;0;0;0;0;0;0;NA;NA;NA;NA;NA;NA;NA;NA;NA
"20189";"5";"13241";"1013";6;4;6,239999771;"2014Q4";0;0;0;0;-1;0;0;0;0;0;0;1;0;0;0;0;-1;-1;-1;1;1;1;1;1;1;1;1;1;0;0;1;0;1;1;1;1;0;-1;0;-1;-1;-1;0;0;0;0;NA;NA;NA;NA;NA;NA;NA;NA;NA
"20190";"8";"13252";"1013";5;4;4,420000076;"2014Q4";1;0;NA;NA;1;0;1;0;NA;NA;0;0;0;0;0;0;1;0;0;0;1;0;1;0;0;-1;0;0;NA;NA;0;0;-1;-1;1;0;-1;-1;-1;-1;-1;0;1;NA;-1;0;NA;NA;NA;NA;NA;NA;NA;NA;NA
"20191";"6";"93985";"1159";8;4;5,263999939;"2014Q4";-1;-1;0;-1;-1;-1;-1;-1;-1;-1;-1;-1;-1;-1;-1;-1;-1;-1;-1;-1;-1;-1;-1;-1;-1;-1;0;0;0;0;0;0;0;1;-1;-1;-1;-1;-1;-1;1;0;NA;-1;0;0;NA;NA;NA;NA;NA;NA;NA;NA;NA
"20192";"5";"37174";"1219";5;4;0,985999942;"2014Q4";NA;NA;NA;NA;NA;NA;NA;NA;NA;NA;NA;NA;NA;NA;NA;NA;NA;NA;NA;NA;NA;NA;NA;NA;NA;NA;NA;NA;NA;NA;0;0;0;1;-1;0;-1;-1;-1;0;-1;0;0;0;0;0;NA;NA;NA;NA;NA;NA;NA;NA;NA
"20193";"5";"35187";"1170";3;3;0,909999967;"2014Q4";1;1;1;1;1;1;1;1;1;1;1;1;1;1;1;1;1;1;1;1;-1;-1;-1;-1;-1;-1;1;1;1;1;0;-1;0;-1;-1;1;0;-1;0;0;-1;1;0;0;0;-1;NA;NA;NA;NA;NA;NA;NA;NA;NA
"20194";"6";"14769";"1201";3;3;0,699999988;"2014Q4";1;1;1;1;1;0;1;NA;1;1;0;0;0;-1;0;0;0;0;-1;-1;-1;-1;-1;-1;-1;-1;0;0;1;1;0;0;0;1;-1;1;0;-1;-1;1;1;1;0;1;0;0;NA;NA;NA;NA;NA;NA;NA;NA;NA
"20195";"6";"14561";"1080";1;1;0,039000001;"2014Q4";-1;0;NA;NA;-1;0;-1;0;NA;NA;0;0;NA;NA;NA;NA;NA;NA;NA;NA;NA;NA;NA;NA;NA;NA;NA;NA;NA;NA;NA;NA;NA;NA;NA;NA;NA;NA;NA;NA;NA;NA;NA;NA;0;0;NA;NA;NA;NA;NA;NA;NA;NA;NA
"20196";"6";"35417";"1149";8;4;7,237999916;"2014Q4";1;1;1;1;-1;-1;1;1;1;1;1;1;1;1;0;0;0;0;0;0;-1;0;-1;0;-1;-1;0;1;0;1;1;1;0;1;1;NA;NA;NA;NA;NA;NA;NA;1;1;0;0;NA;NA;NA;NA;NA;NA;NA;NA;NA
"20197";"5";"34860";"1179";2;2;0,363999993;"2014Q4";-1;0;-1;0;-1;0;-1;-1;-1;-1;-1;-1;-1;-1;0;0;0;0;0;0;0;0;0;0;0;0;0;0;0;0;0;0;1;1;-1;0;1;-1;0;0;1;1;-1;-1;0;-1;NA;NA;NA;NA;NA;NA;NA;NA;NA
"20198";"5";"14816";"1110";1;1;0,035;"2014Q4";0;0;NA;NA;0;0;0;0;NA;NA;NA;NA;1;1;0;0;0;0;NA;NA;0;1;0;1;0;1;1;1;NA;NA;0;0;0;1;1;1;1;NA;NA;NA;NA;1;NA;NA;0;0;NA;NA;NA;NA;NA;NA;NA;NA;NA
